ID,SMILES,vmin_vmin_boltz,vmin_r_boltz,fmo_e_homo_boltz,fmo_e_lumo_boltz,fmo_mu_boltz,fmo_eta_boltz,fmo_omega_boltz,somo_ra_boltz,somo_rc_boltz,nbo_P_boltz,nbo_P_ra_boltz,spindens_P_ra_boltz,nbo_P_rc_boltz,spindens_P_rc_boltz,nmr_P_boltz,nmrtens_sxx_P_boltz,nmrtens_syy_P_boltz,nmrtens_szz_P_boltz,efg_amp_P_boltz,efgtens_xx_P_boltz,efgtens_yy_P_boltz,efgtens_zz_P_boltz,nuesp_P_boltz,E_solv_cds_boltz,nbo_lp_P_percent_s_boltz,nbo_lp_P_occ_boltz,nbo_lp_P_e_boltz,nbo_bd_e_max_boltz,nbo_bd_e_avg_boltz,nbo_bds_e_min_boltz,nbo_bds_e_avg_boltz,nbo_bd_occ_min_boltz,nbo_bd_occ_avg_boltz,nbo_bds_occ_max_boltz,nbo_bds_occ_avg_boltz,E_solv_total_boltz,E_solv_elstat_boltz,E_oxidation_boltz,E_reduction_boltz,fukui_p_boltz,fukui_m_boltz,vbur_vtot_boltz,vbur_ratio_vbur_vtot_boltz,Pint_P_int_boltz,Pint_dP_boltz,Pint_P_min_boltz,Pint_P_max_boltz,volume_boltz,surface_area_boltz,sphericity_boltz,dipolemoment_boltz,dipolemoment_min,dipolemoment_max,dipolemoment_delta,dipolemoment_vburminconf,qpole_amp_boltz,qpole_amp_min,qpole_amp_max,qpole_amp_delta,qpole_amp_vburminconf,qpoletens_xx_boltz,qpoletens_xx_min,qpoletens_xx_max,qpoletens_xx_delta,qpoletens_xx_vburminconf,qpoletens_yy_boltz,qpoletens_yy_min,qpoletens_yy_max,qpoletens_yy_delta,qpoletens_yy_vburminconf,qpoletens_zz_boltz,qpoletens_zz_min,qpoletens_zz_max,qpoletens_zz_delta,qpoletens_zz_vburminconf,pyr_P_boltz,pyr_P_min,pyr_P_max,pyr_P_delta,pyr_P_vburminconf,pyr_alpha_boltz,pyr_alpha_min,pyr_alpha_max,pyr_alpha_delta,pyr_alpha_vburminconf,vbur_vbur_boltz,vbur_vbur_min,vbur_vbur_max,vbur_vbur_delta,vbur_vbur_vburminconf,vbur_qvbur_min_boltz,vbur_qvbur_min_min,vbur_qvbur_min_max,vbur_qvbur_min_delta,vbur_qvbur_min_vburminconf,vbur_qvbur_max_boltz,vbur_qvbur_max_min,vbur_qvbur_max_max,vbur_qvbur_max_delta,vbur_qvbur_max_vburminconf,vbur_qvtot_min_boltz,vbur_qvtot_min_min,vbur_qvtot_min_max,vbur_qvtot_min_delta,vbur_qvtot_min_vburminconf,vbur_qvtot_max_boltz,vbur_qvtot_max_min,vbur_qvtot_max_max,vbur_qvtot_max_delta,vbur_qvtot_max_vburminconf,vbur_max_delta_qvbur_boltz,vbur_max_delta_qvbur_min,vbur_max_delta_qvbur_max,vbur_max_delta_qvbur_delta,vbur_max_delta_qvbur_vburminconf,vbur_max_delta_qvtot_boltz,vbur_max_delta_qvtot_min,vbur_max_delta_qvtot_max,vbur_max_delta_qvtot_delta,vbur_max_delta_qvtot_vburminconf,vbur_ovbur_min_boltz,vbur_ovbur_min_min,vbur_ovbur_min_max,vbur_ovbur_min_delta,vbur_ovbur_min_vburminconf,vbur_ovbur_max_boltz,vbur_ovbur_max_min,vbur_ovbur_max_max,vbur_ovbur_max_delta,vbur_ovbur_max_vburminconf,vbur_ovtot_min_boltz,vbur_ovtot_min_min,vbur_ovtot_min_max,vbur_ovtot_min_delta,vbur_ovtot_min_vburminconf,vbur_ovtot_max_boltz,vbur_ovtot_max_min,vbur_ovtot_max_max,vbur_ovtot_max_delta,vbur_ovtot_max_vburminconf,vbur_near_vbur_boltz,vbur_near_vbur_min,vbur_near_vbur_max,vbur_near_vbur_delta,vbur_near_vbur_vburminconf,vbur_far_vbur_boltz,vbur_far_vbur_min,vbur_far_vbur_max,vbur_far_vbur_delta,vbur_far_vbur_vburminconf,vbur_near_vtot_boltz,vbur_near_vtot_min,vbur_near_vtot_max,vbur_near_vtot_delta,vbur_near_vtot_vburminconf,vbur_far_vtot_boltz,vbur_far_vtot_min,vbur_far_vtot_max,vbur_far_vtot_delta,vbur_far_vtot_vburminconf,sterimol_B1_boltz,sterimol_B1_min,sterimol_B1_max,sterimol_B1_delta,sterimol_B1_vburminconf,sterimol_B5_boltz,sterimol_B5_min,sterimol_B5_max,sterimol_B5_delta,sterimol_B5_vburminconf,sterimol_L_boltz,sterimol_L_min,sterimol_L_max,sterimol_L_delta,sterimol_L_vburminconf,sterimol_burB1_boltz,sterimol_burB1_min,sterimol_burB1_max,sterimol_burB1_delta,sterimol_burB1_vburminconf,sterimol_burB5_boltz,sterimol_burB5_min,sterimol_burB5_max,sterimol_burB5_delta,sterimol_burB5_vburminconf,sterimol_burL_boltz,sterimol_burL_min,sterimol_burL_max,sterimol_burL_delta,sterimol_burL_vburminconf,DDG
8,CC(C)(C)P(C(C)(C)C)C(C)(C)C,-0.0671848,1.780165466,-0.21688,0.03601,-0.090435,0.25289,0.016170053,0.11399,-0.45613,0.74462,0.74009,0.01546,1.3783,0.81752,225.189,200.3439,200.864,274.359,1.7492288,-0.714163,-0.714077,1.428239,-54.196339,-3.32,50.14,1.93525,-0.29422,-0.43114,-0.431173333,0.17692,0.176943333,1.94458,1.94459,0.05246,0.052453333,-7.006582489,-3.686582489,0.2735087,0.0753715,0.00453,0.63368,253.2004251,0.257221064,17.76,2.54,13.45,25.87,317.84446,253.2069,0.889512,1.083267719,1.083267719,1.083267719,0,1.083267719,2.814976489,2.814976489,2.814976489,0,2.814976489,1.151961095,1.151961095,1.151961095,0,1.151961095,1.146455385,1.146455385,1.146455385,0,1.146455385,-2.298416481,-2.298416481,-2.298416481,0,-2.298416481,0.830704416,0.830704416,0.830704416,0,0.830704416,29.64695115,29.64695115,29.64695115,0,29.64695115,65.12848283,65.12848283,65.12848283,0,65.12848283,15.19908644,15.19908644,15.19908644,0,15.19908644,17.1225051,17.1225051,17.1225051,0,17.1225051,57.68427903,57.68427903,57.68427903,0,57.68427903,66.72568924,66.72568924,66.72568924,0,66.72568924,1.383731858,1.383731858,1.383731858,0,1.383731858,8.701615306,8.701615306,8.701615306,0,8.701615306,0,0,0,0,0,17.1225051,17.1225051,17.1225051,0,17.1225051,0,0,0,0,0,66.72568924,66.72568924,66.72568924,0,66.72568924,65.12848283,65.12848283,65.12848283,0,65.12848283,0,0,0,0,0,253.2004251,253.2004251,253.2004251,0,253.2004251,0,0,0,0,0,4.053254485,4.053254485,4.053254485,0,4.053254485,4.894739112,4.894739112,4.894739112,0,4.894739112,6.64891739,6.64891739,6.64891739,0,6.64891739,4.053254485,4.053254485,4.053254485,0,4.053254485,4.894739112,4.894739112,4.894739112,0,4.894739112,6.64891739,6.64891739,6.64891739,0,6.64891739,-0.801
9,Cc1ccccc1P(c1ccccc1C)c1ccccc1C,-0.043479131,1.820163529,-0.222588736,-0.028099305,-0.125344021,0.194489432,0.040390801,0.058945868,-0.384740238,0.793474964,0.748629365,0.037886567,1.181857029,0.495338288,317.2944074,308.1553823,321.8082451,321.9196947,1.783929249,-0.72854094,-0.728030327,1.456571267,-54.17980025,-7.679302822,48.14646016,1.878626272,-0.301922943,-0.475950776,-0.47598311,0.232030233,0.232064786,1.952557103,1.952573638,0.041701661,0.041685165,-14.14601589,-6.466713063,0.268474735,0.015653714,0.044845599,0.388382065,352.6416304,0.203494806,19.93002679,4.329517338,13.52005362,38.37914122,407.2295423,346.7369756,0.766261407,0.432100754,0.430499858,1.341424201,0.910924343,1.341424201,4.688753147,4.563066623,6.600232177,2.037165554,6.600232177,1.927383914,1.921631498,4.067263088,2.14563159,3.771224949,1.898294659,-0.718129789,1.905327833,2.623457623,1.448293521,-3.825678572,-5.21951847,-2.824436961,2.395081509,-5.21951847,0.91817711,0.853768613,0.918251016,0.064482403,0.874965768,19.95671016,19.94767726,27.25291623,7.305238969,24.8493998,71.76077889,61.75230261,71.77729872,10.02499611,61.75230261,15.93871135,11.33342284,15.95109189,4.61766905,11.38990169,19.86486319,19.86277529,21.95667641,2.093901118,20.86056833,76.53048681,62.25579232,76.56886099,14.31306867,67.09217878,98.59675917,98.58289563,105.7216624,7.138766785,105.5873864,2.94772369,2.932716651,10.06264868,7.12993203,9.470666646,16.65843711,16.59166832,41.49702401,24.90535568,32.15804343,0.238869985,0,0.239512166,0.239512166,0,18.84842813,18.84824778,19.83976539,0.991517612,19.69438464,0.186967366,0,0.187470011,0.187470011,0,97.51066636,97.49388444,105.5873864,8.093501962,105.5873864,68.76593313,60.60285339,68.77764417,8.174790779,60.60285339,2.994845757,1.149449215,2.999654549,1.850205334,1.149449215,347.8794439,346.9657209,350.243703,3.277982144,349.9145659,3.204811862,1.241909628,3.209252699,1.967343071,1.241909628,4.526788862,4.325711504,4.530295757,0.204584253,4.530295757,6.364474172,6.363998464,6.66547594,0.301477476,6.66547594,6.973442203,6.970914696,7.943453763,0.972539067,7.943453763,4.480815067,4.209359708,4.508678421,0.299318713,4.508678421,6.042970709,6.042802971,6.210989364,0.168186393,6.210989364,6.778336973,6.7763435,7.604455047,0.828111547,7.604455047,1.841
17,c1ccc(P(c2ccccc2)c2ccccc2)cc1,-0.0482304,1.860160207,-0.22839,-0.02949,-0.12894,0.1989,0.041793674,0.06051,-0.39438,0.79827,0.74625,0.04402,1.15315,0.45545,296.1527,284.3266,284.4367,319.6948,1.783838048,-0.72827,-0.728227,1.456498,-54.177169,-7.18,49.37,1.90175,-0.30781,-0.47689,-0.476896667,0.22426,0.224266667,1.95295,1.95295,0.03714,0.037103333,-13.92098384,-6.740983837,0.2765862,0.0158004,0.05202,0.35488,302.7159072,0.167446513,19.45,3.92,13.27,34.77,344.20752,307.53512,0.77233,1.460510726,1.460510726,1.460510726,0,1.460510726,4.561356291,4.561356291,4.561356291,0,4.561356291,1.882705291,1.882705291,1.882705291,0,1.882705291,1.841550763,1.841550763,1.841550763,0,1.841550763,-3.724256054,-3.724256054,-3.724256054,0,-3.724256054,0.932082024,0.932082024,0.932082024,0,0.932082024,18.07622581,18.07622581,18.07622581,0,18.07622581,50.68872317,50.68872317,50.68872317,0,50.68872317,11.48926263,11.48926263,11.48926263,0,11.48926263,13.88438429,13.88438429,13.88438429,0,13.88438429,61.42008783,61.42008783,61.42008783,0,61.42008783,86.83775327,86.83775327,86.83775327,0,86.83775327,1.337712053,1.337712053,1.337712053,0,1.337712053,25.41766543,25.41766543,25.41766543,0,25.41766543,0,0,0,0,0,13.88438429,13.88438429,13.88438429,0,13.88438429,0,0,0,0,0,86.83775327,86.83775327,86.83775327,0,86.83775327,50.68872317,50.68872317,50.68872317,0,50.68872317,0,0,0,0,0,302.7159072,302.7159072,302.7159072,0,302.7159072,0,0,0,0,0,4.287868079,4.287868079,4.287868079,0,4.287868079,6.323592295,6.323592295,6.323592295,0,6.323592295,7.181925015,7.181925015,7.181925015,0,7.181925015,4.278755456,4.278755456,4.278755456,0,4.278755456,6.029300445,6.029300445,6.029300445,0,6.029300445,6.914110295,6.914110295,6.914110295,0,6.914110295,0.303
55,COc1ccc(P(c2ccc(OC)cc2C(C)C)c2ccc(OC)cc2C(C)C)c(C(C)C)c1,-0.050637034,1.800058812,-0.203797613,-0.019123955,-0.111460784,0.184673657,0.033636473,0.057500764,-0.34166995,0.7712925,0.754103697,0.004509522,1.060179705,0.361861519,339.7734519,318.6363216,350.1705716,350.5134267,1.816473522,-0.743093942,-0.740047391,1.483141333,-54.18829133,-6.50734731,48.45503854,1.886901984,-0.293656534,-0.465741818,-0.465777775,0.242592771,0.242712534,1.952438143,1.952457386,0.050860414,0.050807648,-17.1043737,-10.59702639,0.243536505,0.019226011,0.017188803,0.288887206,546.2229681,0.154130983,20.3038922,5.348045663,12.16002158,37.66618317,643.4860718,535.4056004,0.673227943,2.442702106,0.921140509,3.63104374,2.709903231,2.264281394,11.71652695,4.412473576,27.5328114,23.12033782,19.62463535,7.776857348,3.602767546,22.237905,18.63513745,13.7446264,0.078307081,-8.266841253,6.353035557,14.61987681,0.260504622,-7.85516443,-14.83970316,-1.80470625,13.03499691,-14.00513102,0.923850299,0.859245849,0.925306305,0.066060456,0.860263683,19.20735021,19.00673109,26.42088489,7.414153799,26.31466329,84.18969438,67.63237858,112.3709502,44.7385716,67.63237858,18.40873445,11.29995389,20.93273575,9.632781868,11.69425994,23.42543666,21.6617313,34.56610293,12.90437163,21.6617313,113.2994784,76.93004266,120.9069771,43.97693443,83.64794923,156.6138868,156.0554569,169.2998439,13.24438692,164.9986122,4.934488094,4.814299125,14.32784786,9.513548737,9.967471357,34.45549663,31.74390892,81.36266538,49.61875646,81.35066296,1.847935136,0,2.716214388,2.716214388,0,19.27041276,19.18607498,22.20246401,3.016389024,19.38061325,5.153880362,0,5.934491608,5.934491608,0,142.8438896,142.1457469,160.2716845,18.12593761,160.2147084,71.24090814,65.21843063,81.60252705,16.38409641,65.21843063,12.94878624,2.409764324,30.76842313,28.3586588,2.413947943,505.1458414,489.9434559,533.5196594,43.57620349,533.4361485,41.05597843,9.578774717,48.45274417,38.87396945,9.589069296,5.648664011,4.524553149,5.851785575,1.327232426,5.397161564,8.310578983,8.020895015,8.860452597,0.839557582,8.85578483,8.035493467,7.164124925,8.947589772,1.783464847,8.798561732,5.1693103,4.117078515,5.192920535,1.07584202,4.600299481,6.07610881,6.062490204,6.307707061,0.245216857,6.224644064,6.907082971,6.889978507,8.32245718,1.432478672,7.594474154,1.564
120,Cc1cc(C(F)(F)F)ccc1P(c1ccc(C(F)(F)F)cc1C)c1ccc(C(F)(F)F)cc1C,-0.017103905,1.840166439,-0.253759617,-0.066521767,-0.160140692,0.18723785,0.068482555,0.017059481,-0.412427406,0.80709256,0.769305592,0.024032793,1.209086503,0.516907358,316.5363523,309.6504232,319.6939176,320.2647162,1.792700215,-0.732157896,-0.731575436,1.463733332,-54.14981847,-4.56985749,48.45923035,1.872989144,-0.330996362,-0.506589931,-0.506637301,0.202567798,0.202625596,1.951869327,1.95190012,0.040882234,0.04087037,-13.88637506,-9.316517574,0.297918047,-0.024483112,0.037786968,0.401993943,483.1994471,0.148610031,19.01999999,5.699948694,10.19001139,39.69744105,520.5956621,448.8620999,0.697222758,3.122357014,1.521754207,3.122842061,1.601087855,2.192688815,16.29084299,16.28939086,21.94281568,5.653424813,20.18224472,13.28012612,13.27910356,16.68676468,3.407661128,15.67511159,-5.989935981,-5.990564491,-2.694710536,3.295853954,-3.435322429,-7.290190143,-13.99205415,-7.288539066,6.703515082,-12.23978916,0.919080815,0.854469332,0.919096417,0.064627085,0.876478035,19.83925852,19.83734379,27.16941761,7.332073818,24.6616644,71.80829108,61.46990835,71.81181358,10.34190522,61.46990835,15.93905831,11.34388188,15.94167874,4.597796861,11.40768207,19.88266464,19.88264748,22.12820477,2.245557293,20.61478074,99.70618981,83.16354396,99.71562322,16.55207926,86.0388329,141.9588405,141.9558365,149.7866646,7.8308281,148.564049,2.955789759,2.95258884,10.2027999,7.250211065,9.207098673,39.78243569,39.76859194,64.06184741,24.29325547,51.6551743,0.238330346,0,0.238466261,0.238466261,0,18.85770407,18.85766092,19.89206062,1.034399703,19.58351875,0.280705982,0,0.280866064,0.280866064,0,140.6328871,140.6291274,148.564049,7.934921654,148.564049,68.79291648,60.43864636,68.79542455,8.356778189,60.43864636,3.015374597,1.031261989,3.016389024,1.985127034,1.031261989,479.2319122,477.5600195,480.7618579,3.201838451,480.5876375,3.967534419,1.321976891,3.968892811,2.646915921,1.321976891,5.341400832,5.264456934,5.397571327,0.133114393,5.383882737,8.07881607,8.07877379,8.198295879,0.119522089,8.184180736,7.850406324,7.850367021,8.004940342,0.154573321,8.004940342,4.481780178,4.217967533,4.520068146,0.302100614,4.520068146,6.042215642,6.042186263,6.203370798,0.161184535,6.203370798,6.781152825,6.780728976,7.611468485,0.830739509,7.611468485,2.174
196,Cc1ccc(P(c2ccc(C)cc2C)c2ccc(C)cc2C)c(C)c1,-0.048616295,1.800194633,-0.214269203,-0.022096198,-0.1181827,0.192173005,0.036340112,0.059897042,-0.366959885,0.79363107,0.751295867,0.036931313,1.141915892,0.444084926,320.0111836,309.521562,324.8670399,325.6450484,1.782879766,-0.728179942,-0.72753475,1.455714691,-54.18527123,-8.529507191,48.04749792,1.880507327,-0.296377849,-0.470510739,-0.470542053,0.238293402,0.238366606,1.952488275,1.952540202,0.041948756,0.041911402,-15.39207902,-6.862571825,0.25756407,0.019162258,0.042335203,0.348284822,405.7273765,0.17640662,19.83992418,4.719677782,12.54992418,39.01166076,476.7787981,409.5650456,0.720619226,0.959078459,0.958319496,1.680950341,0.722630846,1.680950341,6.688843998,6.687713224,8.392632299,1.704919075,8.392632299,2.963288951,2.959643949,4.888344182,1.928700233,4.888344182,2.490455218,0.499397207,2.494235758,1.99483855,1.714698768,-5.453744168,-6.60304295,-5.268256286,1.334786664,-6.60304295,0.918681723,0.85499173,0.918733065,0.063741335,0.876616255,19.89111804,19.8848251,27.13357666,7.248751562,24.68679573,71.57301676,61.44166893,71.58485227,10.14318334,61.44166893,15.88592069,11.30832112,15.89461303,4.58629191,11.38780988,19.81243374,19.73935854,21.74958729,2.010228746,20.6733514,86.56856554,70.61600263,86.59885676,15.98285413,76.02305697,116.3278122,116.317178,123.8107562,7.493578195,123.1786748,2.992202568,2.98187417,9.864972701,6.883098531,9.285541522,24.39955153,24.34845185,51.31160358,26.96315172,38.12846834,0.233838602,0,0.234282643,0.234282643,0,18.81377885,18.81373292,19.74772578,0.933992856,19.59816142,0.281659352,0,0.282194201,0.282194201,0,115.0348319,115.021743,123.1786748,8.15693182,123.1786748,68.62491494,60.36438713,68.63330933,8.268922198,60.36438713,2.948101821,1.077281794,2.951542935,1.874261141,1.077281794,401.8433428,401.7496283,403.2147034,1.465075184,403.2147034,3.880084468,1.142518656,3.885282482,2.742763827,1.396191026,4.838176363,4.577031698,5.093423049,0.516391351,5.093423049,7.529592718,7.529369419,7.686671744,0.157302325,7.686671744,7.320584344,7.319466142,7.945661627,0.626195485,7.945661627,4.477864007,4.197904297,4.522782322,0.324878026,4.522782322,6.042581721,6.04241739,6.227952249,0.185534859,6.227952249,6.785592211,6.784201912,7.603448863,0.819246951,7.603448863,1.691
1223,c1ccc(P(c2ccccc2C2CCCCC2)c2ccccc2C2CCCCC2)c(C2CCCCC2)c1,-0.044691057,1.818527353,-0.216419333,-0.025149816,-0.120784574,0.191269517,0.038141516,0.053790015,-0.367751298,0.770464425,0.722926244,0.040673837,1.169742302,0.504655216,331.2964611,314.0440513,338.9903366,340.8550854,1.802380837,-0.737900069,-0.733725908,1.471626953,-54.18227164,-14.6952198,48.50225795,1.878586068,-0.298425465,-0.472415516,-0.472549729,0.237101081,0.237499024,1.952019572,1.952115755,0.050301079,0.050193346,-22.02471841,-7.329498611,0.257034644,0.014537451,0.047538181,0.399277877,580.5650519,0.169752177,21.55142431,5.390018733,13.31229301,40.54071622,698.7048947,560.2830075,0.679663508,0.116710466,0.084764466,1.476193208,1.391428742,1.476193208,3.449231352,2.689155964,6.693988221,4.004832257,6.505287368,1.575098921,1.452225733,4.75078674,3.298561007,4.150832737,1.179811991,-0.977269484,1.981538995,2.958808479,0.794657248,-2.754910912,-5.40210335,-1.391169951,4.0109334,-4.945489985,0.91858859,0.852940994,0.923049237,0.070108244,0.852940994,19.90092417,19.28402934,26.9598489,7.675819561,26.9598489,98.55078798,69.44074772,136.6526726,67.21192491,69.44074772,21.28369648,10.71529319,24.8517405,14.13644731,11.8208144,28.15004695,23.37283131,42.34135813,18.96852681,23.37283131,128.8914891,67.69055328,131.0815463,63.39099299,79.30768465,158.089877,156.9535108,223.9170346,66.9635238,186.7956057,5.7805178,5.466943629,25.032682,19.56573837,11.55201691,23.80916992,20.09124393,130.4981486,110.4069046,107.487921,4.360895689,0,6.90087891,6.90087891,0,19.84430473,19.66614522,22.25266743,2.586522211,19.7069355,17.97222218,0,23.64365203,23.64365203,0,116.227836,115.3516341,181.4806413,66.1290072,181.4806413,72.91977315,65.5709005,82.40578182,16.83488132,65.5709005,25.63101483,3.869847222,54.24689081,50.37704359,3.869847222,445.3131313,423.6215421,545.3270769,121.7055349,545.3270769,130.7442391,31.75928926,151.3579392,119.5986499,31.75928926,5.926444936,4.244788636,6.005081631,1.760292996,4.635345137,6.969669244,6.939974415,7.688082887,0.748108472,7.688082887,7.117089578,7.063059168,10.68914762,3.626088456,10.68914762,5.714615598,4.097389048,5.776026503,1.678637455,4.606209742,6.940728701,6.779235955,7.328852371,0.549616416,7.027953227,6.865395709,6.831013926,7.635882145,0.804868219,7.594834143,0.763
1224,CCc1ccccc1P(c1ccccc1CC)c1ccccc1CC,-0.041929412,1.795117313,-0.221403364,-0.028325707,-0.124864536,0.193077657,0.040376831,0.056104171,-0.379507012,0.780337694,0.729374242,0.046694131,1.173354578,0.48606294,325.1889586,318.0323781,326.3412245,331.1932936,1.830171805,-0.750989045,-0.743324365,1.494313372,-54.1813132,-8.949268232,48.42051192,1.890647579,-0.302543677,-0.473815199,-0.474105142,0.232021531,0.232540243,1.951898813,1.952089056,0.045192879,0.044788766,-15.42866398,-6.479395744,0.265721457,0.014133305,0.050963452,0.393016885,406.7422567,0.228469635,20.19542921,4.640079311,13.03225484,36.83457867,475.8660098,397.9581335,0.740709682,0.383550751,0.306428714,1.568114964,1.261686249,1.568114964,3.112135642,1.860328954,7.197200154,5.3368712,6.686496878,1.766056721,0.79466533,4.378749267,3.584083937,4.245261049,0.598085517,-0.439063712,1.52014312,1.959206832,0.850236661,-2.364142237,-5.676037253,-1.518400088,4.157637165,-5.095497711,0.923799014,0.845091763,0.925272078,0.080180315,0.859558883,19.2131555,19.01517312,28.00321222,8.988039102,26.4369816,92.93106657,60.61854196,106.9447968,46.32625486,60.61854196,18.78606745,11.13051733,23.63221567,12.50169834,11.55620053,28.76939601,19.60652865,32.18771574,12.58118709,19.60652865,84.32340866,62.14981179,92.26382859,30.1140168,70.41697024,116.2884178,109.442633,129.6867442,20.24411121,122.4611072,9.236112763,3.659620386,17.08066891,13.42104853,7.187456786,26.1798806,12.92513143,65.13497343,52.209842,47.68624267,2.121198628,0,5.668803227,5.668803227,0,20.52990561,18.80327388,21.11681497,2.313541096,19.23941612,3.076411244,0,7.699450536,7.699450536,0,105.7771905,101.8035076,127.7514374,25.94792988,121.9914977,74.39644113,60.22841953,76.20356722,15.97514769,60.22841953,18.53462543,0.390122436,30.7412296,30.35110717,0.390122436,376.225818,358.9797747,403.4749984,44.49522375,403.4749984,30.51568933,0.494057671,47.92765827,47.4336006,0.494057671,4.708030075,4.24953288,5.13430373,0.884770849,4.66166791,6.347934089,6.333187305,6.713356048,0.380168743,6.671994532,7.23900161,7.085015351,9.074361596,1.989346245,8.468514868,4.669399714,4.13086167,5.068464513,0.937602842,4.619343477,6.12018185,6.046665324,6.36155899,0.314893667,6.354575368,6.946974424,6.852782307,8.306821488,1.454039182,7.588912927,2.174
1226,Cc1cc(OC(C)C)ccc1P(c1ccc(OC(C)C)cc1C)c1ccc(OC(C)C)cc1C,-0.054088742,1.800162523,-0.20128022,-0.012217764,-0.106748992,0.189062457,0.030136568,0.06519572,-0.338029775,0.793401621,0.775736561,0.004786835,1.054417767,0.328356621,323.5778174,312.4847976,328.5176684,329.7309743,1.790574738,-0.732945377,-0.729049504,1.461995024,-54.19099272,-9.181980831,48.03318691,1.886060743,-0.291043141,-0.464803208,-0.464848228,0.244469847,0.244654922,1.953099379,1.953129747,0.043049585,0.042999369,-20.06284773,-10.88086689,0.241426698,0.026551296,0.017665061,0.261016146,546.6358026,0.131073259,19.71223591,4.815099921,12.28911335,39.27229445,646.9483807,556.0726615,0.650527787,2.112231142,0.391388354,4.194370217,3.802981863,1.825310421,16.58960474,4.9760581,25.00363262,20.02757452,22.90689639,10.74115296,2.04145688,20.14210804,18.10065116,16.09956092,0.944486672,-7.404842024,7.820437483,15.22527951,0.194372305,-11.68563963,-16.29393322,-4.062918024,12.2310152,-16.29393322,0.919658856,0.855950392,0.920643008,0.064692615,0.877246104,19.76305349,19.63426527,27.0486574,7.41439213,24.64307614,71.64936055,61.69582376,71.74801339,10.05218963,61.69582376,15.87153233,11.26334722,15.92180656,4.658459331,11.37316721,19.83541706,19.59084008,21.63558368,2.0447436,20.92227671,99.64386521,79.86524594,103.4219088,23.55666286,85.12621246,162.7525807,159.7715387,171.2055471,11.43400836,170.9766351,3.094060727,2.999654549,9.812677468,6.813022919,9.549109495,60.3404131,56.01572497,89.42029619,33.40457121,81.98850008,0.247835497,0,0.267751592,0.267751592,0,18.80542807,18.75516226,19.74563397,0.990471708,19.69647645,0.279440331,0,0.330104393,0.330104393,0,161.4748028,158.421756,171.2055471,12.78379104,170.9766351,68.62502842,60.4700235,68.65631923,8.186295731,60.4700235,3.024332121,1.101337601,3.102153205,2.000815604,1.225800255,542.2192895,539.5663542,544.3452112,4.778857004,541.2738324,3.815590235,1.068954015,4.108078288,3.039124272,1.329577473,5.785613956,4.653932651,6.535235163,1.881302513,5.573219911,9.613043525,9.107472269,10.03082872,0.923356446,9.757834591,8.552698695,7.704649144,9.510192896,1.805543752,8.037081074,4.467519338,4.19497857,4.492542082,0.297563512,4.490029563,6.054992908,6.037457425,6.213362888,0.175905462,6.206070255,6.80131476,6.785773192,7.600401776,0.814628584,7.600401776,1.488
1227,Cc1cc(F)ccc1P(c1ccc(F)cc1C)c1ccc(F)cc1C,-0.032867889,1.820159904,-0.23173901,-0.034505892,-0.133122451,0.197233118,0.044925564,0.051189208,-0.390290146,0.800418674,0.781318,0.002704013,1.151192876,0.443634029,321.8467031,312.8603489,326.1676759,326.5120847,1.803384461,-0.737264051,-0.735192323,1.472456374,-54.16745718,-5.799572099,48.4177287,1.883516955,-0.314559301,-0.488330969,-0.488458652,0.219823758,0.220026668,1.9526386,1.952676958,0.042217733,0.042187961,-13.35674663,-7.557174527,0.277493989,0.008393931,0.019100674,0.350774203,378.8021619,0.190034574,19.58999999,4.96975315,10.33998353,38.20407609,421.1539393,362.3170594,0.749933183,1.549513425,0.584486958,1.550684806,0.966197848,0.91317206,5.960199257,5.954325078,11.59838398,5.644058901,11.13833276,4.865045723,4.861541259,8.286239184,3.424697925,8.286239184,-2.39522747,-2.398274338,-0.08174104,2.316533298,-0.897367215,-2.469818253,-8.160119924,-2.463266921,5.696853004,-7.388871969,0.920031203,0.855458184,0.92007776,0.064619575,0.877391912,19.7144003,19.70867446,27.08853034,7.379855882,24.5994128,71.98552833,61.95939173,71.9958928,10.03650106,61.95939173,15.95184022,11.32923922,15.95945912,4.630219905,11.39722302,19.93161351,19.81466368,21.83639738,2.021733697,21.03418851,80.73372482,67.10816631,80.75618159,13.64801528,70.64814599,107.3179756,107.3096421,114.7166845,7.40704245,114.4062843,3.059847551,3.050903877,9.970609071,6.919705194,9.636965486,21.22251485,21.1828932,45.26479292,24.08189972,35.80804191,0.255824979,0,0.25624664,0.25624664,0,18.86292381,18.86289044,19.79374559,0.930855142,19.75923073,0.20522971,0,0.205567978,0.205567978,0,106.1772037,106.1669911,114.4062843,8.239293219,114.4062843,68.83636733,60.68443396,68.84353617,8.15910221,60.68443396,3.149161006,1.210111685,3.152356629,1.942244943,1.274957774,373.1604156,373.1549747,376.4621823,3.307207577,373.6084654,3.343695563,1.419174988,3.346623747,1.927448759,1.419174988,4.619790137,4.436177552,4.751385535,0.315207983,4.751385535,6.961084013,6.960764889,7.268769998,0.308005108,7.268769998,7.002236472,7.000733036,7.93952262,0.938789584,7.93952262,4.466283965,4.213530123,4.484303081,0.270772959,4.484303081,6.062970012,6.062945208,6.17192446,0.108979252,6.17192446,6.801150551,6.799962171,7.60557028,0.805608109,7.60557028,1.841
1228,Cc1cc(OC(F)(F)F)ccc1P(c1ccc(OC(F)(F)F)cc1C)c1ccc(OC(F)(F)F)cc1C,-0.023523943,1.836763919,-0.244081518,-0.05062492,-0.147353219,0.193456598,0.05612564,0.033092231,-0.399403279,0.804563076,0.761333035,0.036502809,1.169744354,0.465832681,320.3175322,311.8402823,323.3365786,325.7757308,1.802621546,-0.739304855,-0.732520611,1.471825493,-54.15693586,-3.018088672,48.50214835,1.879918594,-0.324700076,-0.499057383,-0.49912268,0.209085342,0.20946545,1.9521611,1.952270656,0.041889863,0.04148115,-11.3638567,-8.345768032,0.287779447,-0.008596356,0.043230041,0.365181278,517.5010656,0.138894336,18.87122976,5.654202438,9.60457008,39.41942491,554.6948105,481.3999063,0.678184696,3.03151011,0.996892592,4.00559551,3.008702918,1.629465709,13.60877077,10.07089371,20.4044377,10.333544,17.84391278,10.56798166,8.222829002,15.3591167,7.136287696,14.2315266,-3.021100298,-6.60790413,1.220000153,7.827904283,-4.413847302,-7.546881362,-14.33876032,-4.127614263,10.21114606,-9.817679297,0.920273186,0.855500615,0.920841139,0.065340524,0.879822151,19.68273739,19.60772485,27.0799358,7.472210945,24.31441643,71.87798143,61.17810095,71.98125013,10.80314918,61.17810095,15.88335707,11.31459655,15.99292807,4.678331519,11.39094759,19.96760241,19.77701111,21.78828576,2.011274651,20.53320018,93.91940098,76.37978022,99.35982924,22.98004902,81.23363477,153.3333842,151.643366,160.7552845,9.111918468,160.2092663,3.172932678,2.93480846,9.926681076,6.991872615,9.142252585,55.30025321,51.7543999,82.94136837,31.18696846,71.31476522,0.238748517,0,0.263567973,0.263567973,0,18.87785836,18.81687064,19.75923073,0.942360094,19.53749895,0.283209628,0,0.322919185,0.322919185,0,151.9978311,150.285653,160.7552845,10.46963143,160.2092663,68.7884435,60.18239972,68.84144436,8.659044634,60.18239972,3.089537928,0.995701231,3.139805773,2.144104542,0.995701231,513.3347818,511.0835953,515.0436833,3.960087918,515.0436833,4.019807571,1.192803932,4.134990315,2.942186384,1.282360208,5.143187571,4.720893408,5.770032083,1.049138675,5.396240523,8.956888315,8.627574079,9.45688714,0.829313061,9.358783711,8.488569153,6.982292265,8.940680176,1.958387912,8.908609262,4.468379315,4.211636634,4.511011362,0.299374728,4.511011362,6.056544287,6.042475388,6.188374425,0.145899036,6.188374425,6.79804674,6.783631941,7.615451768,0.831819827,7.615451768,1.958
1229,COC(=O)c1ccc(P(c2ccc(C(=O)OC)cc2C)c2ccc(C(=O)OC)cc2C)c(C)c1,-0.028023107,1.840183513,-0.239773122,-0.069862734,-0.154817928,0.169910388,0.07053337,0.006774663,-0.390098654,0.806948009,0.780901845,0.006841778,1.187231077,0.494438434,314.2123137,307.1768485,317.5240508,317.9360484,1.772581529,-0.725192758,-0.722111495,1.447304478,-54.16202357,-4.599512117,48.06626804,1.866219598,-0.317538056,-0.494882842,-0.494961833,0.216009535,0.216111651,1.951804632,1.951850729,0.04105351,0.041008638,-17.39599675,-12.79648463,0.281031347,-0.031187451,0.026046164,0.380283068,517.5465826,0.138603256,19.73779918,5.058038923,11.90994234,40.01555079,581.5207779,505.7734046,0.66614978,2.878116227,2.271536564,3.930549657,1.659013092,3.609267427,19.00094177,11.79042734,33.10313626,21.31270892,20.25616692,13.02623223,5.829661914,25.19312378,19.36346187,15.73481194,-0.704212861,-4.766689002,5.795348554,10.56203756,-3.455159471,-12.32201937,-22.71739533,-4.860003855,17.85739147,-12.27965247,0.915602465,0.850513134,0.916989545,0.066476411,0.872564227,20.28945635,20.11138111,27.57514956,7.463768451,25.08974866,71.73365687,61.45212797,71.80240043,10.35027246,61.45212797,15.91838434,11.36270817,15.95004598,4.587337815,11.45788549,19.86069945,19.8418572,22.18154591,2.339688712,20.52587884,100.1393622,83.38213911,101.9596433,18.57750424,85.7069154,153.5943082,153.2413314,161.1525273,7.911195978,160.5390743,2.937510369,2.862641039,10.22162619,7.358985149,9.067993354,50.79325898,47.53779392,76.09487176,28.55707783,64.02580388,0.226427042,0,0.229053119,0.229053119,0,18.85416155,18.84406416,19.9087951,1.064730938,19.54586618,0.188398208,0,0.274843344,0.274843344,0,152.4822174,151.9772541,160.5390743,8.561820233,160.5390743,68.784436,60.48362026,68.83098531,8.347365047,60.48362026,2.949220871,0.96850771,2.971415123,2.002907413,0.96850771,512.2216201,511.7776463,515.3697006,3.592054339,512.2624708,3.266719622,0.990968321,3.860942707,2.869974386,0.990968321,5.686361962,5.117777877,6.026636613,0.908858736,5.429484736,9.414394018,9.109254025,9.789266607,0.680012583,9.789266607,8.317003833,7.577212564,8.866532767,1.289320203,7.945571156,4.492020254,4.215818108,4.533502897,0.31768479,4.533502897,6.0490805,6.043237253,6.213437306,0.170200053,6.213437306,6.761030874,6.748034368,7.607701355,0.859666987,7.607468032,2.174
1230,Cc1cc(C#N)ccc1P(c1ccc(C#N)cc1C)c1ccc(C#N)cc1C,-0.006940424,1.860206221,-0.261608614,-0.088407573,-0.175008094,0.17320104,0.088417192,-0.008132157,-0.407588478,0.813239548,0.782896697,0.012690058,1.164499048,0.456682155,314.6444445,309.2436367,317.2717948,317.4178021,1.787583759,-0.729921807,-0.729633168,1.459554974,-54.13847189,-3.759455802,48.42691597,1.867596302,-0.341285395,-0.518459273,-0.518475903,0.192030244,0.192045635,1.951557187,1.951563764,0.041198727,0.041181344,-20.38808588,-16.62863008,0.303265412,-0.047961814,0.030342851,0.3512595,430.8006779,0.167183328,19.87999996,5.359750593,9.36,39.41986644,477.5343526,418.1303921,0.706603039,5.230342346,2.799493625,5.233563114,2.434069489,3.505884861,28.6938026,28.68026842,39.80037916,11.12011074,37.28659648,23.42754361,23.41733909,30.99960526,7.582266173,29.19453243,-11.69637923,-11.70024911,-7.055665854,4.644583259,-7.120328631,-11.73116438,-23.94393941,-11.71708998,12.22684943,-22.0742038,0.917016375,0.851033259,0.917079994,0.066046736,0.874078471,20.10742591,20.09969822,27.52021719,7.420518965,24.92095695,72.02271748,61.59541691,72.03668308,10.44126617,61.59541691,16.00859231,11.39513121,16.01907569,4.623944477,11.45683959,19.9183402,19.91820824,22.23174934,2.313541096,20.62628569,89.9009868,76.46235611,89.93131419,13.46895808,78.35253767,124.4985037,124.4864907,131.7642295,7.277738851,131.2671715,2.931957185,2.919119891,10.26137057,7.342250674,9.169446106,30.2031672,30.15085094,53.22941405,23.07856311,41.91730005,0.253578594,0,0.254154831,0.254154831,0,18.87773551,18.87753311,19.92762138,1.050088273,19.5950237,0.195798291,0,0.196243227,0.196243227,0,123.3899511,123.3754204,131.2671715,7.89175113,131.2671715,68.9194581,60.56415492,68.92930035,8.365145427,60.56415492,3.103259373,1.031261989,3.107382728,2.076120739,1.031261989,424.7029502,424.6947528,428.3115945,3.616841689,425.338476,3.278670652,1.089275448,3.282360998,2.19308555,1.089275448,4.890543828,4.609371547,5.08063347,0.471261923,5.08063347,8.22958304,8.229089772,8.597235566,0.368145794,8.597235566,7.121172657,7.119377955,7.940867535,0.82148958,7.940867535,4.483802972,4.224712957,4.524943647,0.30023069,4.524943647,6.045056001,6.044929466,6.210344948,0.165415482,6.210344948,6.768088877,6.766389935,7.608978627,0.842588692,7.608978627,2.361
1231,Cc1cc([N+](=O)[O-])ccc1P(c1ccc([N+](=O)[O-])cc1C)c1ccc([N+](=O)[O-])cc1C,-0.002912074,1.880158245,-0.268848247,-0.116578864,-0.192713555,0.152269384,0.121950348,-0.036341969,-0.423846546,0.819260334,0.797231028,-0.001681421,1.224284296,0.527892379,313.2918297,308.7007665,315.4139031,315.7608192,1.781863147,-0.727597153,-0.727286369,1.454883522,-54.13352249,-4.349219706,48.21594195,1.861437718,-0.344750582,-0.524077283,-0.524092976,0.188004637,0.188027003,1.951475629,1.951487177,0.040701045,0.040685007,-18.26131277,-13.91209306,0.311463238,-0.076129307,0.022029306,0.405023962,452.3565229,0.159392195,19.62996876,5.549625476,9.979968785,39.67492792,493.7024927,425.4893773,0.709969105,5.249029253,2.75722452,5.253513528,2.496289007,3.530973717,28.29789695,28.28475379,36.40692275,8.122168957,34.42462991,23.10432713,23.09440419,28.50174259,5.407338404,27.0191706,-11.53771521,-11.5427331,-6.80131523,4.74141787,-6.80131523,-11.56661192,-21.56319058,-11.55167109,10.01151949,-20.21785537,0.913390357,0.847953572,0.913474186,0.065520614,0.871836949,20.57227244,20.56221889,27.83315831,7.270939421,25.15879134,72.102129,61.69059424,72.12140135,10.43080712,61.69059424,16.01723875,11.42127883,16.03162654,4.610347717,11.47671177,19.95413356,19.953769,22.32692666,2.373157661,20.66603007,93.81902686,79.95972481,93.86241392,13.90268911,82.21310917,131.7633396,131.7468084,139.135885,7.38907662,138.6734241,2.91927766,2.901339512,10.30948218,7.408142668,9.189318294,33.7056022,33.63242768,57.08318569,23.45075801,46.28007762,0.245020522,0,0.245787594,0.245787594,0,18.90612949,18.90577253,19.97154938,1.065776843,19.61594179,0.189010572,0,0.189602297,0.189602297,0,130.654951,130.6349519,138.6734241,8.038472163,138.6734241,69.00034359,60.64050596,69.01401863,8.373512664,60.64050596,3.101785403,1.050088273,3.107382728,2.057294455,1.050088273,447.1023497,447.0934481,449.9462321,2.852784016,449.6159244,3.292467629,1.102200319,3.297445942,2.195245623,1.102200319,5.300871222,5.086397552,5.301470474,0.215072922,5.17526692,7.997266159,7.996727053,8.172410679,0.175683626,8.172410679,7.515116442,7.513883607,7.939462623,0.425579017,7.939462623,4.493832295,4.229835014,4.515034352,0.285199338,4.515034352,6.056274847,6.056230639,6.183806961,0.127576323,6.183806961,6.749295509,6.746902114,7.610047201,0.863145087,7.610047201,2.361
1232,c1ccc(Cc2ccccc2P(c2ccccc2Cc2ccccc2)c2ccccc2Cc2ccccc2)cc1,-0.047547564,1.823776788,-0.221279202,-0.032995779,-0.127137491,0.188283422,0.042949188,0.0434652,-0.349128555,0.813374888,0.770075126,0.046568247,1.204910493,0.472987669,326.3844963,318.5084634,325.1663905,335.4786422,1.842619371,-0.76391722,-0.740417853,1.504335058,-54.18324932,-13.46142083,49.23579282,1.888030406,-0.298963863,-0.469775728,-0.470318646,0.236748704,0.237624215,1.949149096,1.949533316,0.044027651,0.043614218,-25.14260319,-11.68118236,0.260798066,0.005518239,0.043299762,0.391535605,605.2627302,0.224735506,22.0458606,4.52365218,14.5733627,39.61862396,689.968976,497.3194749,0.759602777,1.054012373,0.656212219,1.544154045,0.887941826,0.656212219,3.832802367,1.475575904,12.08136472,10.60578881,6.601795489,3.056782512,1.204772574,9.560717821,8.355945246,5.05276275,-1.145176355,-2.676982394,3.482217547,6.159199941,-0.900329936,-1.911606157,-8.126364404,-0.609762432,7.516601973,-4.152432814,0.927372187,0.843232753,0.936316949,0.093084197,0.843232753,18.716378,17.47111535,27.9981466,10.52703125,27.9981466,136.0614493,64.09199132,166.1733315,102.0813402,64.09199132,29.30419367,11.10750743,40.49742822,29.38992079,11.616863,38.1170699,21.54458998,44.70824036,23.16365038,21.57387531,126.67816,61.71487817,140.0805402,78.36566201,67.79236452,182.1546529,166.7238861,266.8336382,100.1097521,240.8350337,7.69987582,2.022779602,26.97597285,24.95319325,9.957012311,52.71441214,18.61825306,180.9133863,162.2951332,157.4903792,8.321621645,0,19.26033421,19.26033421,0,22.19280506,19.71739455,22.43256303,2.715168483,20.27172401,16.65303496,0,48.13621526,48.13621526,0,143.1274195,108.2038538,247.0180251,138.8141713,230.5043751,85.91506002,62.71453489,88.13524752,25.42071263,62.71453489,50.1463893,1.37745643,85.98591345,84.60845702,1.37745643,482.625883,377.5114926,595.3901607,217.8786682,590.0283355,121.4378936,6.798174496,225.4664419,218.6682674,10.50326584,5.084354956,4.159979669,6.272524282,2.112544613,4.609203337,7.239217708,6.290584209,9.346719356,3.056135147,8.27410006,7.373135484,7.131103935,11.72946899,4.598365055,11.35676557,5.061300519,4.095389004,5.879580329,1.784191325,4.584709794,6.974492079,6.031188617,7.835873953,1.804685335,7.520836482,7.028018131,6.903568615,8.385569046,1.482000431,7.588384321,3.17
1233,COc1ccc(P(c2ccc(OC)cc2Cc2ccccc2)c2ccc(OC)cc2Cc2ccccc2)c(Cc2ccccc2)c1,-0.050395962,1.783179645,-0.206745985,-0.022256087,-0.114501036,0.184489898,0.035544223,0.04824066,-0.335334928,0.809026088,0.797663952,0.01297892,1.093134771,0.337094021,331.06806,320.9755578,332.2796845,339.9489184,1.819615298,-0.753798924,-0.731781463,1.485580586,-54.18971508,-10.90925095,48.17711632,1.888674436,-0.29089197,-0.464143846,-0.464706379,0.246124149,0.247183484,1.950383724,1.950802412,0.046143661,0.045558103,-26.39339634,-15.4841454,0.244565785,0.013118952,0.011362136,0.284108683,691.0251494,0.173199988,21.79770515,5.018352487,12.55172393,40.04491128,790.2153668,583.4504273,0.708558604,2.619222311,0.328380506,4.24997238,3.921591874,1.933012907,13.47340082,0.17676424,30.24444287,30.06767863,14.07805239,9.416701599,0.138327681,24.10994721,23.97161953,8.912713644,-0.585642093,-7.863153519,9.192750691,17.05590421,1.830011842,-8.831059505,-18.50001096,-0.104827375,18.39518358,-10.74272549,0.919912341,0.837511684,0.927613029,0.090101345,0.869288876,19.71292355,18.69684807,28.77613146,10.07928339,25.58826683,119.7081577,63.80018392,165.5729822,101.7727983,63.80018392,25.72462286,10.73516537,37.68603651,26.95087114,11.33237693,35.42942648,20.02279871,44.77831597,24.75551727,21.69729206,141.6560008,69.42845618,164.0577614,94.62930521,82.87832459,206.7586826,185.6779446,292.0197006,106.341756,264.2670232,8.207942069,1.941199039,26.44988281,24.50868377,10.36491513,56.2178737,21.62018322,201.7630284,180.1428452,181.3886986,5.101767336,0,18.27090841,18.27090841,0,22.02838011,18.94760872,22.39386456,3.446255837,19.88160158,9.833789291,0,36.07064494,36.07064494,0,178.4128118,138.8951569,262.1055956,123.2104387,255.698922,84.79906087,61.98763116,88.08295229,26.09532113,61.98763116,34.90909681,1.669263829,84.32710867,82.65784484,1.812552766,604.9723873,465.4845728,682.0210552,216.5364824,681.342825,80.71313598,8.576204421,228.4390216,219.8628172,8.576204421,5.650954827,4.405019798,7.592475242,3.187455444,5.179554654,8.435321965,7.979904389,9.495542082,1.515637693,8.929253755,8.02798817,7.305666651,11.82876214,4.523095494,10.57169945,5.23897174,4.054552553,5.920839928,1.866287375,4.540436574,7.055186005,6.696154298,7.854867247,1.158712949,7.471610109,6.971633173,6.756283071,8.021547211,1.26526414,7.623637307,2.788
1234,Fc1ccc(P(c2ccc(F)cc2Cc2ccccc2)c2ccc(F)cc2Cc2ccccc2)c(Cc2ccccc2)c1,-0.036174261,1.803081231,-0.22996012,-0.038380525,-0.134170322,0.191579595,0.047005074,0.036877173,-0.35700032,0.820680873,0.785734156,0.038684489,1.180083441,0.431061229,332.4359098,326.9552195,332.4872554,337.8653358,1.849931799,-0.765145087,-0.745166278,1.510311998,-54.17261697,-11.51131779,49.08175135,1.890677555,-0.308793983,-0.480741936,-0.481061569,0.22744125,0.228166916,1.949460312,1.949645745,0.044800371,0.044430914,-24.29091229,-12.7795945,0.26963997,-0.000494407,0.034946717,0.359402568,630.2899959,0.20459257,21.78931864,5.03035351,11.32511364,39.50440178,702.9765764,511.1259208,0.748216224,1.399424819,0.651106599,1.499233355,0.848126756,0.842810638,9.455729243,3.66977515,16.8450055,13.17523035,11.58913994,7.46648383,2.996309135,13.00827682,10.01196768,8.648000936,-2.944179746,-4.427971484,2.505400757,6.933372241,-0.997870257,-4.522304084,-10.37268539,-1.51310949,8.859575897,-7.650130678,0.925222104,0.862047228,0.930978999,0.068931771,0.864624114,19.0089409,18.2235359,26.40131413,8.177778232,26.04418172,128.9913666,64.59820917,164.7048814,100.1066722,64.59820917,28.6667334,10.93911678,37.24361884,26.30450206,11.41395749,35.33983869,21.82489243,44.83688663,23.01199421,21.95040098,135.0561847,68.86261486,144.0366155,75.17400068,77.42312654,187.4540787,168.6820922,272.2219102,103.539818,242.880456,5.688542523,1.915051422,26.73646068,24.82140926,10.53644349,45.60617674,27.34147695,181.7697295,154.4282525,159.7290834,7.461700434,0,18.4047842,18.4047842,0,22.13594176,19.85127034,22.44720569,2.595935352,19.99455928,14.07784239,0,26.56513643,26.56513643,0,154.4670082,120.2647926,235.78751,115.5227174,231.9354505,86.40884102,62.50430806,88.13838523,25.63407718,62.64236747,42.5825256,1.955841704,82.49363781,80.53779611,1.955841704,528.0344564,408.3086411,618.1017561,209.793115,618.1017561,102.2338989,10.91978424,227.1396852,216.219901,10.91978424,5.322549017,4.345460119,6.174193262,1.828733143,4.796991252,7.278334366,6.925525505,9.386216763,2.460691258,8.90878006,7.357617718,7.019918691,11.72207544,4.702156747,10.58813345,5.238371715,4.09812108,5.901124058,1.803002978,4.540111188,7.063087128,6.841833313,7.879522407,1.037689094,7.45210784,7.018526607,6.80073615,7.652220164,0.851484015,7.627098415,3.431
1235,FC(F)(F)Oc1ccc(P(c2ccc(OC(F)(F)F)cc2Cc2ccccc2)c2ccc(OC(F)(F)F)cc2Cc2ccccc2)c(Cc2ccccc2)c1,-0.027566813,1.793766752,-0.240850651,-0.050550933,-0.145700792,0.190299718,0.055790095,0.023246034,-0.362899993,0.825891522,0.781489762,0.044645643,1.171594324,0.420514914,334.5845099,330.7044171,333.7948869,339.2541662,1.847560252,-0.758834168,-0.749656552,1.508491042,-54.16414666,-8.452521229,49.37434915,1.892440373,-0.317492678,-0.488223703,-0.488398722,0.219272184,0.219745149,1.948344511,1.948568627,0.043861852,0.043612714,-21.43086661,-12.97834538,0.278745897,-0.013523252,0.04440176,0.345702802,767.0588764,0.161871749,21.13967106,5.740342127,10.17989964,39.99840328,835.185689,608.1668278,0.705557043,2.542290486,0.585880212,3.85918934,3.273309128,0.585880212,17.36577925,9.708632068,20.81497839,11.10634633,15.48637644,13.93162438,6.70665941,16.79926746,10.09260805,10.92815598,-5.50808534,-8.380722308,4.46575797,12.84648028,0.044595419,-8.423539036,-14.61997926,-5.795547821,8.824431437,-10.9727514,0.929061487,0.866426796,0.931004638,0.064577842,0.877207856,18.49173273,18.22753569,25.75740655,7.529870855,24.77578854,124.171035,67.96811397,153.2292155,85.26110153,67.96811397,28.95987764,10.93284135,31.86034758,20.92750623,11.83022755,33.12136168,19.80315873,44.85466701,25.05150828,19.80315873,154.1639057,78.94255326,167.4080902,88.46553689,117.3857239,224.8540501,215.8832577,324.7227324,108.8394747,256.6171918,3.168679455,1.931785897,24.75342546,22.82163956,7.939462232,54.20535915,44.12154491,213.3578219,169.236277,117.982652,7.118198922,0,10.42453169,10.42453169,0,22.12151477,19.27706869,22.4492975,3.172228817,19.27706869,14.98515529,0,15.7984334,15.7984334,0,200.3198711,198.307062,288.1255688,89.81850681,238.3164702,87.7567639,66.49757203,88.15721152,21.65963949,66.49757203,36.41427113,1.470541944,70.20425812,68.73371618,1.470541944,680.6624442,602.8492967,756.8766718,154.0273751,749.2981606,85.97788593,10.89608664,163.0725124,152.1764258,19.38595332,5.899490897,4.536275453,6.704700641,2.168425188,5.6334796,8.957492776,8.640277727,9.509290972,0.869013245,9.509290972,8.268859257,7.202126825,11.86657324,4.664446415,10.31785229,5.406236465,4.116636674,5.905309653,1.788672979,4.258722927,6.967699588,6.920043816,7.902350574,0.982306758,7.106546497,7.03694377,6.822171019,7.647924608,0.825753589,7.430415487,3.699
1236,FC(F)(F)c1ccc(P(c2ccc(C(F)(F)F)cc2Cc2ccccc2)c2ccc(C(F)(F)F)cc2Cc2ccccc2)c(Cc2ccccc2)c1,-0.0222403,1.831061402,-0.247546325,-0.066623578,-0.157084951,0.180922746,0.068229859,0.009093773,-0.365749813,0.825411218,0.783864771,0.033181089,1.160338834,0.418373881,326.7503062,318.1973132,325.2762201,336.777365,1.837408407,-0.761846366,-0.738226607,1.500072936,-54.15682767,-10.06147616,49.29381591,1.8835313,-0.323949126,-0.496325341,-0.49695088,0.211108476,0.212287003,1.948281713,1.948762338,0.043645704,0.043367576,-24.14862315,-14.08714699,0.285214043,-0.028596006,0.041546447,0.334927616,733.0788821,0.169138717,21.27409519,5.742089379,10.95143154,40.32787081,802.0851989,589.2068527,0.708766378,3.120155667,1.455715831,3.404017764,1.948301933,1.665606904,17.87856882,13.17008869,25.64443231,12.47434362,16.15346928,14.23120789,10.43887046,19.99199773,9.553127266,12.82428678,-5.386142137,-7.802177407,-0.531434466,7.270742941,-3.743710112,-8.845065753,-15.38659018,-7.455079578,7.931510599,-9.080576672,0.92588323,0.866705501,0.930356884,0.063651383,0.887932108,18.91555286,18.31802284,25.8665005,7.548477658,23.62262993,124.0104772,71.10269022,154.2081823,83.10549204,71.10269022,26.65617957,11.13365505,31.81119007,20.67753502,11.13365505,35.20432626,21.66696082,44.77099464,23.10403382,21.66696082,150.3051267,83.38164714,157.8194916,74.43784448,83.38164714,222.679699,211.3592945,296.222525,84.86323046,276.6725999,7.233008632,1.882628378,22.92518412,21.04255574,10.53330578,57.73548132,32.20714989,181.6406872,149.4335373,167.5996898,5.921513239,0,9.86706451,9.86706451,0,22.16103647,20.31251429,22.4262876,2.113773307,20.31251429,11.47442636,0,15.39650472,15.39650472,0,193.3898172,188.8779056,276.6591774,87.78127179,273.5116153,86.0184025,65.21215521,88.13733933,22.92518412,68.2431869,37.99207472,2.859503325,70.65295122,67.79344789,2.859503325,641.6640706,571.0275775,725.3383088,154.3107312,725.3383088,90.30203357,5.62288531,158.425031,152.8021457,5.62288531,5.85294973,5.205325191,6.739524622,1.534199431,5.402257687,8.119924967,7.933845442,9.225095727,1.291250285,8.890050773,8.049999968,7.903867411,11.85453649,3.950669078,10.27875411,5.22462628,4.117216451,5.491258539,1.374042088,4.117216451,7.129377018,6.924160887,8.015341551,1.091180664,7.459644809,7.020028982,6.893295181,7.639900137,0.746604956,7.639900137,4.627
1,CC(C)c1cc(C(C)C)c(-c2ccccc2P(C2CCCCC2)C2CCCCC2)c(C(C)C)c1,-0.061653832,1.819048482,-0.218243366,-0.025112319,-0.121677842,0.193131047,0.03833597,0.059115319,-0.363711578,0.801913877,0.762848685,0.039934438,1.16565782,0.466770835,306.7602335,286.0477335,304.9629317,329.2700282,1.750654742,-0.824412029,-0.599056362,1.42346838,-54.19681131,-11.7800896,51.27024712,1.927054025,-0.300539214,-0.439428738,-0.448304251,0.203063797,0.213486864,1.947840386,1.953640612,0.03943933,0.034855828,-18.90894535,-7.128855756,0.260081699,0.017364495,0.039065191,0.363743943,560.3636918,0.188389593,20.67366182,5.018495509,12.78666587,42.08441375,687.0055722,534.2836334,0.704737109,1.258121923,0.968893635,1.512403854,0.543510219,1.358751213,4.457962031,3.208771286,6.865921008,3.657149722,5.925214444,3.470276292,2.596043347,4.872843601,2.276800254,4.206576524,-0.794078773,-1.424726374,0.709004155,2.13373053,-0.033839406,-2.676197519,-4.913980006,-1.603841378,3.310138629,-4.172737118,0.925709479,0.841070382,0.952596145,0.111525763,0.899423076,18.81426145,14.92194508,27.88326723,12.96132215,22.14482622,105.5662868,56.45688734,127.9308737,71.47398637,56.45688734,14.13080251,9.989435355,18.90681844,8.917383084,10.86171984,41.2246802,16.52110992,44.21457336,27.69346344,17.40280755,69.46095831,46.82520534,86.56481345,39.73960811,64.28855956,237.9750003,210.8265026,267.6567497,56.83024717,257.1278963,23.52661595,2.762234192,26.82222486,24.05999067,6.541087709,137.5649393,109.3362163,201.979947,92.64373065,175.1233574,0.000662203,0,1.894133329,1.894133329,0,22.25250785,16.52110992,22.42314989,5.902039965,17.40280755,0.024899919,0,1.886762024,1.886762024,0,147.5000192,137.745785,253.5139824,115.7681974,253.5139824,70.69021306,56.45688734,79.67492477,23.21803742,56.45688734,34.87607373,0,48.25594895,48.25594895,0,418.6308424,398.155797,559.5005286,161.3447316,555.1293917,141.2808688,0,157.8201028,157.8201028,3.614927042,4.903718573,4.07060669,5.013689181,0.943082491,4.442682872,7.527389674,6.842619058,9.844823092,3.002204034,9.470359534,7.743234968,7.450735346,12.1316552,4.680919857,9.84520341,4.800335896,4.07060669,5.013689181,0.943082491,4.211190949,7.439480407,6.306577359,7.835474137,1.528896778,7.262693329,7.29157262,7.106518999,8.238802291,1.132283292,7.735548217,1.658
2,CN(C)c1cccc(N(C)C)c1-c1ccccc1P(C1CCCCC1)C1CCCCC1,-0.063669988,1.784157438,-0.206310457,-0.023277396,-0.114793927,0.183033061,0.036032637,0.061657506,-0.34526437,0.816301644,0.802036489,0.014648549,0.978401435,0.240660565,299.4342066,274.4342378,295.1306145,328.7378418,1.776474499,-0.837936846,-0.606367195,1.444303871,-54.20285079,-10.64954094,52.00459011,1.930669313,-0.295104758,-0.43136959,-0.441354265,0.21133822,0.219230497,1.947096539,1.952816486,0.041694206,0.036091677,-17.91491469,-7.265373744,0.249313513,0.019364584,0.014265155,0.16209979,497.1065156,0.218645414,20.63193764,4.681706195,13.06840485,40.20517055,603.0181262,465.6449512,0.741325142,0.817151886,0.689429027,2.163160472,1.473731444,1.788271949,4.779103057,2.271749808,7.876988245,5.605238437,7.876988245,3.341663334,1.363020625,5.008775915,3.64575529,5.008775915,0.049289512,-0.38288507,1.985783882,2.368668953,0.989548888,-3.390952846,-5.998324803,-1.771030701,4.227294102,-5.998324803,0.931081879,0.873397309,0.95233411,0.078936801,0.888127401,18.10149104,14.899067,25.18377186,10.28470486,23.42102647,108.688178,58.53823761,124.7481859,66.20994825,58.53823761,13.80139916,9.967471357,17.44359783,7.47612647,13.08426723,42.5698291,16.04208559,44.47709543,28.43500984,16.04208559,65.84758051,44.32757625,84.57074917,40.24317292,83.52264775,201.7982913,171.5796513,218.6120078,47.03235647,182.5826123,24.58349701,2.246603198,29.08347073,26.83686753,2.246603198,103.4949326,85.37769193,150.6017025,65.2240106,96.84355994,0.004209073,0,0.598257462,0.598257462,0,22.364939,16.04208559,22.4492975,6.407211913,16.04208559,0.003828159,0,0.808165664,0.808165664,0,152.1435708,128.9401789,195.1211455,66.18096659,182.5826123,71.05459758,58.53823761,80.30874299,21.77050538,58.53823761,37.63358043,0,47.35228733,47.35228733,0,416.022948,393.0078189,494.6148031,101.6069841,494.6148031,79.38788576,0,103.0436572,103.0436572,0,4.810242151,3.968863865,5.121416565,1.1525527,4.992833318,7.731732299,6.748365215,8.142740156,1.394374941,7.906784874,7.735165109,7.382425648,10.4335142,3.051088551,9.246176486,4.729379849,3.968863865,4.932659156,0.96379529,4.779160801,6.572513967,6.339062962,7.850955222,1.511892261,6.407768563,7.285462966,6.9087435,8.216943296,1.308199796,7.992697996,1.73
3,COc1cccc(OC)c1-c1ccccc1P(C1CCCCC1)C1CCCCC1,-0.066302714,1.798595107,-0.213323406,-0.016923387,-0.115123397,0.196400019,0.033749737,0.069846143,-0.356952332,0.796411645,0.780617119,0.02007792,1.152165706,0.460004802,300.9723654,274.0267463,302.8144084,326.0759728,1.746891692,-0.811313661,-0.610283431,1.421597273,-54.20373948,-8.933203478,51.4856578,1.932661638,-0.295812657,-0.431360816,-0.44130758,0.209768238,0.219849328,1.947707359,1.953555822,0.038602493,0.034629456,-17.49243678,-8.559233299,0.257800852,0.026666611,0.015794526,0.355754061,459.1645919,0.22017539,20.25729913,4.516961901,12.91171592,38.02272604,551.5897989,444.0046941,0.732618381,0.91118665,0.716675684,3.289474011,2.572798326,2.94422968,8.89441962,6.731400313,9.871608205,3.140207892,6.892837508,5.296207168,4.02382405,7.587892389,3.564068339,5.033061172,1.636632568,-2.394301369,2.200548986,4.594850355,-0.335515711,-6.932839735,-7.489742621,-3.530136855,3.959605765,-4.697545461,0.931196568,0.843185744,0.944014411,0.100828666,0.878677827,18.1109938,16.18109294,28.14264999,11.96155705,24.4707848,101.0938553,56.8742033,104.6699542,47.7957509,56.8742033,12.62745998,11.30832112,14.30274615,2.994425026,11.30832112,42.28682214,16.31088309,43.79307379,27.4821907,17.08485253,60.38185448,53.01884481,75.82877302,22.80992821,63.63214442,179.367995,149.9704907,192.2106942,42.24020349,167.7290217,25.34241358,2.33027557,28.00828074,25.67800517,5.776531407,93.01102384,75.32114328,129.6532556,54.33211234,96.07462293,0.000104839,0,0.288669685,0.288669685,0,22.33840244,16.31088309,22.39909408,6.088210994,17.08485253,0.000103965,0,0.28581594,0.28581594,0,130.2580308,118.2430699,167.7290217,49.48595174,167.7290217,68.64122132,56.8742033,72.84935099,15.97514769,56.8742033,32.45263397,0,35.71032262,35.71032262,0,381.2273667,370.4520315,458.0513769,87.59934537,458.0513769,74.87762391,0,89.73305502,89.73305502,0,4.550447719,4.111414783,4.950247789,0.838833006,4.404914912,7.261010131,6.598670834,7.688512338,1.089841503,7.211256329,7.782933725,7.478206574,10.18702471,2.708818141,10.1395002,4.450953473,3.971910486,4.943575283,0.971664797,4.353832677,7.156276183,6.349086497,7.287324486,0.938237989,7.021625019,7.306642695,7.025374001,8.36140438,1.336030379,7.424873695,1.768
4,CC(C)Oc1cccc(OC(C)C)c1-c1ccccc1P(C1CCCCC1)C1CCCCC1,-0.067318617,1.795292346,-0.211571453,-0.013801556,-0.112686505,0.197769897,0.03212394,0.070775341,-0.349016634,0.798225474,0.775998055,0.024510528,1.149662996,0.454445623,302.318425,277.9656959,300.0885737,328.9009566,1.742903314,-0.80615115,-0.61250406,1.418655466,-54.20453343,-10.87460587,51.48220784,1.929903964,-0.294566974,-0.429881918,-0.440285897,0.210560779,0.221012868,1.94704294,1.953686771,0.038905744,0.034756258,-19.79711894,-8.922513076,0.254630218,0.028764011,0.022227419,0.351437523,530.5419246,0.203210696,20.71540381,4.91418998,13.06386573,39.51760003,643.1623662,506.5767159,0.711352996,1.02723355,0.622020193,3.702454515,3.080434322,2.866487604,8.339470314,5.748110644,11.02760486,5.279494214,7.596125675,5.444573968,3.62919129,8.27802251,4.64883122,5.755576979,0.793009963,-2.515081554,1.800251331,4.315332884,-0.876398277,-6.237583931,-7.206549692,-2.755492333,4.451057358,-4.879178702,0.929775863,0.867741023,0.948103683,0.08036266,0.896717766,18.27515729,15.61540421,25.77452073,10.15911652,22.41217792,107.8093841,55.42771716,130.4776516,75.04993439,55.42771716,13.3353434,10.79687375,19.41721991,8.620346162,11.07403848,41.89328952,16.16236463,44.19888479,28.03652017,16.8087337,64.13680748,46.03527624,89.27035288,43.23507665,72.84002153,209.5210671,169.849296,256.0295879,86.18029189,210.9664129,23.95609403,2.075074834,27.60665336,25.53157852,5.734695221,119.2482325,83.55024583,176.22117,92.67092412,120.5558741,0.016911295,0,5.314241549,5.314241549,0,22.29181547,16.16236463,22.39595637,6.233591741,16.8087337,0.010147465,0,5.305009341,5.305009341,0,160.5501837,141.4484774,221.7235387,80.27506129,207.7004645,69.39718202,55.42771716,79.81089237,24.38317521,55.42771716,38.41220209,0,53.9969196,53.9969196,0,427.987766,410.7119381,530.8533459,120.1414078,526.2384163,100.4829192,0,119.5244053,119.5244053,3.346425615,4.713454053,3.924524379,5.085278433,1.160754054,4.377169262,8.613301128,7.34738027,8.913188997,1.565808727,7.978500612,7.794681659,7.257931393,11.39027318,4.132341783,10.86599459,4.619566002,3.924524379,4.979321842,1.054797463,4.377169262,7.238774196,6.369286715,7.81300987,1.443723155,7.653520001,7.338673943,6.99631868,8.333428437,1.337109757,7.483233412,1.76
6,C1C2CC3CC1CC(P(C14CC5CC(CC(C5)C1)C4)C14CC5CC(CC(C5)C1)C4)(C2)C3,-0.0712438,1.780166116,-0.20994,0.01642,-0.09676,0.22636,0.020680548,0.08304,-0.38878,0.8049,0.7816,0.03121,1.42106,0.79423,230.2584,186.0104,186.1169,318.6477,1.734478804,-0.708263,-0.707933,1.416196,-54.201192,-11.65,47.41,1.92158,-0.27626,-0.42692,-0.426956667,0.19322,0.19328,1.94792,1.94793,0.04437,0.044363333,-15.59436334,-3.944363341,0.2573568,0.0499205,0.0233,0.61616,461.7349873,0.142245393,20.69,3.78,14.41,29.64,573.85453,420.07279,0.794988,1.146388772,1.146388772,1.146388772,0,1.146388772,3.481168393,3.481168393,3.481168393,0,3.481168393,1.421997417,1.421997417,1.421997417,0,1.421997417,1.420364517,1.420364517,1.420364517,0,1.420364517,-2.842361934,-2.842361934,-2.842361934,0,-2.842361934,0.821772077,0.821772077,0.821772077,0,0.821772077,30.51062291,30.51062291,30.51062291,0,30.51062291,65.67967459,65.67967459,65.67967459,0,65.67967459,15.28380472,15.28380472,15.28380472,0,15.28380472,17.33586965,17.33586965,17.33586965,0,17.33586965,98.4532661,98.4532661,98.4532661,0,98.4532661,133.1277768,133.1277768,133.1277768,0,133.1277768,1.445440232,1.445440232,1.445440232,0,1.445440232,33.6958677,33.6958677,33.6958677,0,33.6958677,0,0,0,0,0,17.33586965,17.33586965,17.33586965,0,17.33586965,0,0,0,0,0,133.1277768,133.1277768,133.1277768,0,133.1277768,65.67967459,65.67967459,65.67967459,0,65.67967459,0,0,0,0,0,462.5928659,462.5928659,462.5928659,0,462.5928659,0,0,0,0,0,5.230007913,5.230007913,5.230007913,0,5.230007913,6.902411037,6.902411037,6.902411037,0,6.902411037,7.400359315,7.400359315,7.400359315,0,7.400359315,5.218561374,5.218561374,5.218561374,0,5.218561374,6.443563831,6.443563831,6.443563831,0,6.443563831,6.952512587,6.952512587,6.952512587,0,6.952512587,-2.164
7,COc1cccc(OC)c1-c1ccccc1P(c1ccccc1)c1ccccc1,-0.052219844,1.802478828,-0.216513936,-0.026481721,-0.121497828,0.190032215,0.038840695,0.057918753,-0.350005968,0.811135853,0.765791064,0.048373454,1.101357897,0.382471961,296.9875876,264.6033805,301.2445487,325.1148335,1.795486579,-0.7466855,-0.719237157,1.465922658,-54.18529181,-7.857125934,49.7423503,1.89832925,-0.298629923,-0.464450882,-0.467856935,0.230351075,0.233742921,1.950156054,1.951299517,0.041475759,0.039265764,-18.39398975,-10.53686382,0.259091883,0.01653136,0.045344789,0.290222044,442.7674304,0.211801321,20.50091176,4.509481894,13.46028309,40.89725091,505.1834057,414.406527,0.740215264,1.502539579,1.49254055,2.795583236,1.303042685,2.604112691,11.63947557,9.793711134,14.03832427,4.244613134,14.03832427,7.263447341,6.919767366,10.41760057,3.497833204,10.41760057,1.664568103,-3.932897615,3.041901609,6.974799224,-1.068453331,-8.928015444,-10.26067987,-4.977128255,5.283551611,-9.349147239,0.93246939,0.876289416,0.936547628,0.060258211,0.884667387,18.01442086,17.42432134,24.84515461,7.42083327,23.65057217,93.77895268,52.14880607,100.0135867,47.86478061,52.14880607,11.00789446,10.4485875,11.5959449,1.147357406,11.5959449,41.55545139,14.80478038,41.97215378,27.1673734,14.80478038,57.92225004,57.53017155,75.54445003,18.01427848,70.19001859,177.4712851,152.7740193,180.2715249,27.49750568,176.3338844,24.15457387,2.411856133,24.23151904,21.8196629,2.411856133,100.3524539,78.13777781,103.6726056,25.53482784,99.53819862,0,0,0,0,0,21.90630209,14.80478038,22.39491046,7.590130078,14.80478038,0,0,0,0,0,140.7339954,122.6807054,176.3338844,53.65317901,176.3338844,63.83199457,52.14880607,67.21820033,15.06939426,52.14880607,29.94695811,0,34.56296521,34.56296521,0,379.8617918,371.1009675,439.9101198,68.80915228,439.9101198,59.19149155,0,71.30219911,71.30219911,0,4.258641157,4.183839454,4.610107053,0.426267598,4.536473993,7.168965097,6.398442517,7.690561037,1.29211852,7.690561037,7.514414115,7.509960343,9.712966664,2.203006321,9.379148641,4.178906292,4.126806466,4.554869371,0.428062905,4.515760165,6.451259813,6.138821485,7.498891851,1.360070366,7.498891851,7.100603542,7.094582016,8.343876569,1.249294552,7.810167727,2.577
8,CC(C)(C)P(C(C)(C)C)C(C)(C)C,-0.0671848,1.780165466,-0.21688,0.03601,-0.090435,0.25289,0.016170053,0.11399,-0.45613,0.74462,0.74009,0.01546,1.3783,0.81752,225.189,200.3439,200.864,274.359,1.7492288,-0.714163,-0.714077,1.428239,-54.196339,-3.32,50.14,1.93525,-0.29422,-0.43114,-0.431173333,0.17692,0.176943333,1.94458,1.94459,0.05246,0.052453333,-7.006582489,-3.686582489,0.2735087,0.0753715,0.00453,0.63368,253.2004251,0.257221064,17.76,2.54,13.45,25.87,317.84446,253.2069,0.889512,1.083267719,1.083267719,1.083267719,0,1.083267719,2.814976489,2.814976489,2.814976489,0,2.814976489,1.151961095,1.151961095,1.151961095,0,1.151961095,1.146455385,1.146455385,1.146455385,0,1.146455385,-2.298416481,-2.298416481,-2.298416481,0,-2.298416481,0.830704416,0.830704416,0.830704416,0,0.830704416,29.64695115,29.64695115,29.64695115,0,29.64695115,65.12848283,65.12848283,65.12848283,0,65.12848283,15.19908644,15.19908644,15.19908644,0,15.19908644,17.1225051,17.1225051,17.1225051,0,17.1225051,57.68427903,57.68427903,57.68427903,0,57.68427903,66.72568924,66.72568924,66.72568924,0,66.72568924,1.383731858,1.383731858,1.383731858,0,1.383731858,8.701615306,8.701615306,8.701615306,0,8.701615306,0,0,0,0,0,17.1225051,17.1225051,17.1225051,0,17.1225051,0,0,0,0,0,66.72568924,66.72568924,66.72568924,0,66.72568924,65.12848283,65.12848283,65.12848283,0,65.12848283,0,0,0,0,0,253.2004251,253.2004251,253.2004251,0,253.2004251,0,0,0,0,0,4.053254485,4.053254485,4.053254485,0,4.053254485,4.894739112,4.894739112,4.894739112,0,4.894739112,6.64891739,6.64891739,6.64891739,0,6.64891739,4.053254485,4.053254485,4.053254485,0,4.053254485,4.894739112,4.894739112,4.894739112,0,4.894739112,6.64891739,6.64891739,6.64891739,0,6.64891739,-1.094
9,Cc1ccccc1P(c1ccccc1C)c1ccccc1C,-0.043479131,1.820163529,-0.222588736,-0.028099305,-0.125344021,0.194489432,0.040390801,0.058945868,-0.384740238,0.793474964,0.748629365,0.037886567,1.181857029,0.495338288,317.2944074,308.1553823,321.8082451,321.9196947,1.783929249,-0.72854094,-0.728030327,1.456571267,-54.17980025,-7.679302822,48.14646016,1.878626272,-0.301922943,-0.475950776,-0.47598311,0.232030233,0.232064786,1.952557103,1.952573638,0.041701661,0.041685165,-14.14601589,-6.466713063,0.268474735,0.015653714,0.044845599,0.388382065,352.6416304,0.203494806,19.93002679,4.329517338,13.52005362,38.37914122,407.2295423,346.7369756,0.766261407,0.432100754,0.430499858,1.341424201,0.910924343,1.341424201,4.688753147,4.563066623,6.600232177,2.037165554,6.600232177,1.927383914,1.921631498,4.067263088,2.14563159,3.771224949,1.898294659,-0.718129789,1.905327833,2.623457623,1.448293521,-3.825678572,-5.21951847,-2.824436961,2.395081509,-5.21951847,0.91817711,0.853768613,0.918251016,0.064482403,0.874965768,19.95671016,19.94767726,27.25291623,7.305238969,24.8493998,71.76077889,61.75230261,71.77729872,10.02499611,61.75230261,15.93871135,11.33342284,15.95109189,4.61766905,11.38990169,19.86486319,19.86277529,21.95667641,2.093901118,20.86056833,76.53048681,62.25579232,76.56886099,14.31306867,67.09217878,98.59675917,98.58289563,105.7216624,7.138766785,105.5873864,2.94772369,2.932716651,10.06264868,7.12993203,9.470666646,16.65843711,16.59166832,41.49702401,24.90535568,32.15804343,0.238869985,0,0.239512166,0.239512166,0,18.84842813,18.84824778,19.83976539,0.991517612,19.69438464,0.186967366,0,0.187470011,0.187470011,0,97.51066636,97.49388444,105.5873864,8.093501962,105.5873864,68.76593313,60.60285339,68.77764417,8.174790779,60.60285339,2.994845757,1.149449215,2.999654549,1.850205334,1.149449215,347.8794439,346.9657209,350.243703,3.277982144,349.9145659,3.204811862,1.241909628,3.209252699,1.967343071,1.241909628,4.526788862,4.325711504,4.530295757,0.204584253,4.530295757,6.364474172,6.363998464,6.66547594,0.301477476,6.66547594,6.973442203,6.970914696,7.943453763,0.972539067,7.943453763,4.480815067,4.209359708,4.508678421,0.299318713,4.508678421,6.042970709,6.042802971,6.210989364,0.168186393,6.210989364,6.778336973,6.7763435,7.604455047,0.828111547,7.604455047,2.152
10,CCCCP(C12CC3CC(CC(C3)C1)C2)C12CC3CC(CC(C3)C1)C2,-0.067275049,1.781648593,-0.217024867,0.020780428,-0.098122219,0.237805294,0.020243809,0.090148622,-0.396203392,0.802522181,0.780564157,0.023098001,1.404488661,0.765905749,271.4718538,205.0078513,285.9171614,323.4904622,1.682547093,-0.711608016,-0.66188353,1.373491747,-54.20318078,-9.890414248,49.35908217,1.931092312,-0.288995946,-0.43280904,-0.436984181,0.201408912,0.20432279,1.94675187,1.954268712,0.044758281,0.036774379,-13.62277084,-3.732356589,0.268019405,0.055689058,0.021958025,0.60196648,394.1135588,0.163129584,19.67979422,3.718489833,11.95249584,31.45342836,495.6908896,387.4673105,0.781771957,1.202751491,1.141093591,1.278767095,0.137673504,1.211276719,3.534844287,2.947867365,4.48720924,1.539341875,4.48720924,2.032064031,1.6986202,2.237337213,0.538717013,2.192772169,0.750804917,0.410285681,1.445529708,1.035244027,1.445529708,-2.782868949,-3.638301877,-2.259092754,1.379209123,-3.638301877,0.882625579,0.842556737,0.891186263,0.048629526,0.844903298,23.89780413,22.92997772,28.27901811,5.349040391,28.03976884,64.29165019,58.92103871,75.44424044,16.52320173,58.92103871,13.92787071,10.98618249,14.29960844,3.313425945,10.98618249,18.8854979,16.97503254,28.98097207,12.00593953,17.85882198,61.28517904,48.0614834,68.98312759,20.92164419,62.493345,135.9743252,134.8561721,136.1448011,1.288629043,135.7218615,4.586042098,2.476702222,16.05882006,13.58211784,6.324585446,64.96786883,59.01182319,77.50284911,18.49102592,63.07897887,0,0,0,0,0,17.86026266,16.97503254,21.15446754,4.179434999,17.85882198,0,0,0,0,0,135.9742827,134.8561721,136.1448011,1.288629043,135.7218615,63.26742815,58.92103871,67.78926428,8.868225565,58.92103871,1.024222048,0,8.523077029,8.523077029,0,389.8802785,380.175642,395.1086419,14.93299997,392.9798059,4.232918205,0,13.67503397,13.67503397,0,4.637579103,4.038317879,5.034807393,0.996489513,4.412270599,7.026003105,6.840618946,7.447244953,0.606626007,6.842587759,7.532539207,7.481782674,8.6456934,1.163910726,8.6456934,4.575603376,4.038317879,5.028204081,0.989886202,4.157678306,6.615312944,6.374532284,7.124679147,0.750146863,6.37728811,7.056267576,7.03779704,7.146162634,0.108365594,7.099058073,0.835
11,C1CCC(P(C2CCCCC2)C2CCCCC2)CC1,-0.066834594,1.796641815,-0.220135327,0.03206723,-0.094034048,0.252202556,0.01753101,0.104343817,-0.423064979,0.77489329,0.744186754,0.024801478,1.368913643,0.774626765,283.1648383,250.9577587,274.5915589,323.9451941,1.681047798,-0.70391507,-0.668491782,1.372407655,-54.20330909,-8.661276678,50.84512678,1.942302944,-0.298768321,-0.437118827,-0.439193977,0.200299413,0.20441219,1.957711516,1.95916407,0.03441711,0.032226394,-12.13079758,-3.469520903,0.274773748,0.068652735,0.030706537,0.594020353,325.6411964,0.176634207,18.8658524,3.698527054,12.5813276,32.65404709,412.8986786,343.9843711,0.779557492,1.280456867,1.162567852,1.306525133,0.143957281,1.278652514,3.451551829,2.475751307,4.044920851,1.569169544,3.624459435,1.633474284,1.126083395,1.884797943,0.758714548,1.654635341,1.171118511,0.705889387,1.406291064,0.700401677,1.297532798,-2.804592795,-3.291089006,-2.003090711,1.287998295,-2.952168139,0.913126635,0.85753477,0.937359658,0.079824888,0.896857363,20.52626655,17.31947563,26.84048593,9.521010304,22.40527955,57.51884174,54.244799,71.52837342,17.28357442,54.244799,11.64839198,9.958058215,13.65428526,3.696227049,11.77688641,17.11585673,15.24092263,26.38608262,11.14516,15.90820979,56.96546902,42.74356882,69.5216621,26.77809328,59.09717476,100.6167848,93.46377101,103.0603578,9.596586794,100.2219114,4.465027117,1.484138705,12.88554534,11.40140664,3.652299053,35.08354023,21.02238945,59.29136994,38.26898048,37.89482172,0,0,0,0,0,16.82013244,15.24092263,21.53099322,6.290070592,15.90820979,0,0,0,0,0,100.6167848,93.46377101,103.0603578,9.596586794,100.2219114,57.18811018,54.244799,66.47142441,12.22662541,54.244799,0.330731554,0,5.380133543,5.380133543,0,324.8923539,313.124494,326.0564737,12.93197973,325.7120621,0.723599952,0,11.59342437,11.59342437,0,4.382608863,3.845267598,5.013362154,1.168094555,4.45002516,6.777848836,6.487822679,6.850781327,0.362958648,6.727667017,7.722115699,6.570864034,7.912771865,1.341907832,7.527091159,4.295497636,3.845267598,4.742704749,0.897437151,4.45002516,6.383627483,6.090231872,6.464182229,0.373950357,6.35604623,7.242139854,6.166026645,7.428161743,1.262135098,7.055395571,1.188
12,CC(C)(C)CP(C(C)(C)C)C(C)(C)C,-0.0624057,1.780166104,-0.22108,0.02889,-0.096095,0.24997,0.018470715,0.10656,-0.44998,0.75186,0.72991,0.03466,1.37837,0.78199,273.1337,221.5508,284.8859,312.9643,1.72433451,-0.713154,-0.694719,1.407873,-54.197569,-3.94,51.04,1.93808,-0.30234,-0.43205,-0.438856667,0.18192,0.190146667,1.94251,1.952276667,0.05309,0.044166667,-7.500746197,-3.560746197,0.2772678,0.0680891,0.02195,0.62651,271.3511946,0.26832241,17.77,2.82,13.09,29.53,344.51995,277.73145,0.855727,1.058109034,1.058109034,1.058109034,0,1.058109034,2.308779125,2.308779125,2.308779125,0,2.308779125,1.17336654,1.17336654,1.17336654,0,1.17336654,0.691064259,0.691064259,0.691064259,0,0.691064259,-1.864430798,-1.864430798,-1.864430798,0,-1.864430798,0.883015436,0.883015436,0.883015436,0,0.883015436,23.95774162,23.95774162,23.95774162,0,23.95774162,72.80960662,72.80960662,72.80960662,0,72.80960662,14.81210172,14.81210172,14.81210172,0,14.81210172,23.04023363,23.04023363,23.04023363,0,23.04023363,55.14392296,55.14392296,55.14392296,0,55.14392296,87.02826018,87.02826018,87.02826018,0,87.02826018,6.593382942,6.593382942,6.593382942,0,6.593382942,28.33164818,28.33164818,28.33164818,0,28.33164818,0,0,0,0,0,20.79049272,20.79049272,20.79049272,0,20.79049272,0,0,0,0,0,83.72205679,83.72205679,83.72205679,0,83.72205679,70.07561185,70.07561185,70.07561185,0,70.07561185,2.733994767,2.733994767,2.733994767,0,2.733994767,265.9907771,265.9907771,265.9907771,0,265.9907771,3.907241768,3.907241768,3.907241768,0,3.907241768,4.012771745,4.012771745,4.012771745,0,4.012771745,6.198222342,6.198222342,6.198222342,0,6.198222342,6.665976914,6.665976914,6.665976914,0,6.665976914,4.012771745,4.012771745,4.012771745,0,4.012771745,6.198222342,6.198222342,6.198222342,0,6.198222342,6.665976914,6.665976914,6.665976914,0,6.665976914,-0.764
14,CP(C(C)(C)C)C(C)(C)C,-0.0647595,1.782110933,-0.22349,0.03334,-0.095075,0.25683,0.017597741,0.11622,-0.4651,0.75609,0.72126,0.04287,1.36826,0.79571,281.2087,210.3633,302.1839,331.0788,1.723017664,-0.748443,-0.657413,1.405856,-54.197454,-2.52,51.63,1.94108,-0.30333,-0.43202,-0.442496667,0.18211,0.190963333,1.94437,1.955836667,0.05309,0.040686667,-5.856232129,-3.336232129,0.2851574,0.0751902,0.03483,0.61217,201.5807655,0.280999549,17,2.48,12.99,25.71,256.2748,219.23438,0.889978,1.141041346,1.141041346,1.141041346,0,1.141041346,2.989256082,2.989256082,2.989256082,0,2.989256082,1.502235024,1.502235024,1.502235024,0,1.502235024,0.914803651,0.914803651,0.914803651,0,0.914803651,-2.417038675,-2.417038675,-2.417038675,0,-2.417038675,0.890297195,0.890297195,0.890297195,0,0.890297195,22.95193025,22.95193025,22.95193025,0,22.95193025,56.64410428,56.64410428,56.64410428,0,56.64410428,10.70065052,10.70065052,10.70065052,0,10.70065052,16.75853028,16.75853028,16.75853028,0,16.75853028,28.52638039,28.52638039,28.52638039,0,28.52638039,67.08728407,67.08728407,67.08728407,0,67.08728407,6.057879759,6.057879759,6.057879759,0,6.057879759,38.56090369,38.56090369,38.56090369,0,38.56090369,0,0,0,0,0,16.75853028,16.75853028,16.75853028,0,16.75853028,0,0,0,0,0,67.08728407,67.08728407,67.08728407,0,67.08728407,56.64410428,56.64410428,56.64410428,0,56.64410428,0,0,0,0,0,201.5807655,201.5807655,201.5807655,0,201.5807655,0,0,0,0,0,3.320286719,3.320286719,3.320286719,0,3.320286719,4.888195847,4.888195847,4.888195847,0,4.888195847,6.667141856,6.667141856,6.667141856,0,6.667141856,3.320286719,3.320286719,3.320286719,0,3.320286719,4.888195847,4.888195847,4.888195847,0,4.888195847,6.667141856,6.667141856,6.667141856,0,6.667141856,1.002
17,c1ccc(P(c2ccccc2)c2ccccc2)cc1,-0.0482304,1.860160207,-0.22839,-0.02949,-0.12894,0.1989,0.041793674,0.06051,-0.39438,0.79827,0.74625,0.04402,1.15315,0.45545,296.1527,284.3266,284.4367,319.6948,1.783838048,-0.72827,-0.728227,1.456498,-54.177169,-7.18,49.37,1.90175,-0.30781,-0.47689,-0.476896667,0.22426,0.224266667,1.95295,1.95295,0.03714,0.037103333,-13.92098384,-6.740983837,0.2765862,0.0158004,0.05202,0.35488,302.7159072,0.167446513,19.45,3.92,13.27,34.77,344.20752,307.53512,0.77233,1.460510726,1.460510726,1.460510726,0,1.460510726,4.561356291,4.561356291,4.561356291,0,4.561356291,1.882705291,1.882705291,1.882705291,0,1.882705291,1.841550763,1.841550763,1.841550763,0,1.841550763,-3.724256054,-3.724256054,-3.724256054,0,-3.724256054,0.932082024,0.932082024,0.932082024,0,0.932082024,18.07622581,18.07622581,18.07622581,0,18.07622581,50.68872317,50.68872317,50.68872317,0,50.68872317,11.48926263,11.48926263,11.48926263,0,11.48926263,13.88438429,13.88438429,13.88438429,0,13.88438429,61.42008783,61.42008783,61.42008783,0,61.42008783,86.83775327,86.83775327,86.83775327,0,86.83775327,1.337712053,1.337712053,1.337712053,0,1.337712053,25.41766543,25.41766543,25.41766543,0,25.41766543,0,0,0,0,0,13.88438429,13.88438429,13.88438429,0,13.88438429,0,0,0,0,0,86.83775327,86.83775327,86.83775327,0,86.83775327,50.68872317,50.68872317,50.68872317,0,50.68872317,0,0,0,0,0,302.7159072,302.7159072,302.7159072,0,302.7159072,0,0,0,0,0,4.287868079,4.287868079,4.287868079,0,4.287868079,6.323592295,6.323592295,6.323592295,0,6.323592295,7.181925015,7.181925015,7.181925015,0,7.181925015,4.278755456,4.278755456,4.278755456,0,4.278755456,6.029300445,6.029300445,6.029300445,0,6.029300445,6.914110295,6.914110295,6.914110295,0,6.914110295,1.836
23,CC1(C)c2ccccc2Oc2c(P(c3ccccc3)c3ccccc3)cccc21,-0.051650944,1.858831121,-0.221900308,-0.029891954,-0.125896131,0.192008354,0.04128289,0.051177276,-0.362721918,0.816140285,0.769141958,0.040545375,1.028721019,0.275797323,300.8359209,271.4865634,302.14432,328.8768826,1.802519318,-0.776521889,-0.694452939,1.470975395,-54.17778318,-9.429183245,50.00879214,1.899450041,-0.306212591,-0.473265891,-0.474910925,0.222572705,0.22612782,1.950875812,1.951635308,0.040349403,0.038066341,-18.52686506,-9.097681815,0.26423874,0.011129989,0.046998327,0.212580734,438.2658239,0.12441665,20.62139714,4.612973135,13.56190625,37.67506188,501.0054831,420.2449058,0.726060136,1.855678853,1.725535781,2.46890861,0.743372829,2.46890861,9.067653947,8.569264521,10.40962568,1.840361154,10.2871322,5.054526378,4.799143747,8.244971781,3.445828034,8.244971781,2.079706525,-2.73400663,2.789396651,5.523403281,-2.73400663,-7.134232902,-8.209068756,-5.510965151,2.698103605,-5.510965151,0.93224437,0.904576061,0.935078862,0.030502801,0.907480522,18.01783321,17.64343171,21.66231408,4.018882371,21.30142423,54.52853797,51.55996175,55.50929773,3.949335975,51.55996175,11.05291895,10.82197546,11.09914019,0.277164733,10.98409068,16.40346104,15.09345007,17.34005327,2.246603198,15.52959231,60.21682765,58.10273221,66.74258862,8.639856413,61.50385533,198.8669664,164.3259899,202.2743829,37.948393,178.7511009,5.324724327,3.998493494,6.272290213,2.273796719,4.02464111,137.5466269,90.36108989,142.9804737,52.61938384,117.2472456,0,0,0,0,0,16.13510312,15.09345007,16.86625846,1.772808389,15.52959231,0,0,0,0,0,189.3217577,164.3259899,201.9969289,37.67093902,178.7511009,54.25899525,51.55996175,55.03341111,3.473449358,51.55996175,0.269542724,0,0.475886618,0.475886618,0,428.2213367,421.8645469,437.749654,15.8851071,437.749654,9.551321534,0,16.6969744,16.6969744,0,4.185246137,4.103956502,4.45368288,0.349726378,4.315627452,8.725933544,6.601623852,8.954909052,2.3532852,6.789677232,7.731414793,7.344065771,11.76414701,4.420081235,11.76414701,4.15719661,4.023292731,4.199867968,0.176575237,4.054401872,7.396474129,6.031369629,7.620684821,1.589315192,6.031369629,7.035419237,7.006920956,7.196037509,0.189116553,7.132966817,1.876
24,COc1ccc2ccccc2c1-c1ccccc1P(c1ccccc1)c1ccccc1,-0.054988829,1.867528985,-0.211124323,-0.044586251,-0.127855287,0.166538072,0.049080227,0.03911999,-0.349209264,0.814164307,0.811564635,0.026652654,0.963515495,0.218759051,301.8030892,270.8355916,305.131235,329.442498,1.803561071,-0.743149703,-0.729416784,1.472566485,-54.18291655,-9.921220509,49.93791296,1.89810046,-0.300772859,-0.466705751,-0.469906093,0.226085654,0.230654872,1.949412167,1.950976952,0.041357449,0.039036983,-20.3252244,-10.40400389,0.252889363,-0.001803074,0.002599672,0.149351188,466.811233,0.197220603,20.95504529,4.62165444,13.55107626,40.26129777,529.5705929,429.3807972,0.73724892,1.488682161,0.514808831,2.698948968,2.184140137,2.698948968,12.73151898,7.756971502,16.2706372,8.513665701,10.55909307,8.072118599,4.417578111,10.23761493,5.820036822,5.181711992,1.35560683,-1.952035028,4.200028372,6.1520634,3.376523563,-9.427725429,-12.62890423,-6.139317794,6.489586433,-8.558235555,0.933757687,0.875145711,0.934984724,0.059839014,0.888282745,17.80968779,17.64680003,24.90815409,7.261354062,23.19469665,92.06724258,52.31510491,93.08342244,40.76831753,52.31510491,10.75628764,10.36909874,11.70367308,1.334574339,11.70367308,41.35766597,15.03487941,42.30161375,27.26673434,15.03487941,58.72246829,56.9656531,84.95907276,27.99341966,70.10951538,192.0100225,162.2104094,201.3458751,39.13546568,201.3458751,24.47239201,2.630450206,25.86835982,23.23790961,2.630450206,114.5038684,79.56141213,134.5108054,54.94939328,126.0303327,0,0,0,0,0,22.06994357,15.03487941,22.25266743,7.217788021,15.03487941,0,0,0,0,0,144.3508946,124.9289513,201.3448642,76.4159129,201.3448642,63.87223769,52.31510491,65.96416065,13.64905574,52.31510491,28.19500489,0,28.85650942,28.85650942,0,386.9319352,374.160815,463.9954982,89.83468319,463.9954982,79.84369921,0,92.25033917,92.25033917,0.001010879,4.262493942,4.103543057,4.659497347,0.55595429,4.547760099,7.43345633,6.405099564,8.620648839,2.215549274,8.620648839,7.579800023,7.46027606,10.69625893,3.235982866,9.418825677,4.151155983,4.04707787,4.626284853,0.579206982,4.469052201,6.875383301,6.053479035,7.45485386,1.401374825,7.45485386,7.140881382,7.033590782,8.390199916,1.356609134,7.859486702,2.356
25,CC(C)c1cc(C(C)C)c(-c2ccccc2P(c2ccccc2)c2ccccc2)c(C(C)C)c1,-0.049817846,1.879300628,-0.222088926,-0.034561368,-0.128325147,0.187527558,0.043906488,0.044844088,-0.359184544,0.816902236,0.779477726,0.038275953,1.101600861,0.375055166,308.5601806,282.1168591,313.1732969,330.3904857,1.808760036,-0.745047611,-0.731778315,1.476826421,-54.17973505,-10.88972361,49.7595981,1.897358772,-0.303368243,-0.470694191,-0.473646533,0.224142295,0.228663387,1.949834459,1.950845391,0.040756477,0.039155422,-19.79452803,-8.904804412,0.261948167,0.005366332,0.03742451,0.284698624,544.3170041,0.18653899,20.83997173,5.019949302,12.77518358,41.11998753,641.5969076,508.7841927,0.707064509,1.409761369,1.140553454,1.439654557,0.299101102,1.321854226,6.127362541,5.358224136,11.71587985,6.357655717,11.59815438,3.291343873,2.562614014,8.030683886,5.468069872,7.384606247,1.606179436,-3.688997658,2.501609284,6.190606941,1.441826349,-4.897523309,-8.826432596,-4.225376104,4.601056492,-8.826432596,0.933907888,0.868313352,0.935497541,0.06718419,0.871719761,17.81251014,17.57646226,25.47208383,7.89562157,25.110411,101.5363865,54.2908188,108.7458446,54.45502584,54.2908188,11.07882055,10.30529856,12.84161735,2.536318787,10.94643811,41.23252257,16.92901274,43.78052293,26.85151019,16.92901274,58.70377559,58.6920811,77.00328457,18.31120347,77.00328457,235.7493523,215.766947,258.6333161,42.86636901,224.7548431,24.63676865,5.982574624,27.1004355,21.11786088,5.982574624,156.0785995,138.3725485,191.9330863,53.56053785,142.0793943,0.0000167,0,0.151656175,0.151656175,0,22.30596545,16.92901274,22.39700227,5.467989534,16.92901274,0.000017,0,0.151791033,0.151791033,0,142.6216159,141.1220119,246.9267623,105.8047504,224.7548431,66.27829382,54.2908188,68.2452787,13.9544599,54.2908188,35.25809271,0,41.57471002,41.57471002,0,400.0121066,399.9607223,540.8874954,140.9267731,540.8874954,140.1666726,0,142.4259024,142.4259024,0,4.358976451,4.261238155,4.698527171,0.437289016,4.686673416,7.413120182,6.535279724,9.755046007,3.219766284,6.968157855,7.428775735,7.425798243,11.80170754,4.375909293,11.17222451,4.262857846,4.137200367,4.453264011,0.316063644,4.386887564,7.311382108,6.347111978,7.892122869,1.545010891,6.670958192,7.045988286,7.04455182,8.087257879,1.042706059,7.266344874,2.644
26,COc1cccc(OC)c1-c1ccccc1P(c1cc(C(F)(F)F)cc(C(F)(F)F)c1)c1cc(C(F)(F)F)cc(C(F)(F)F)c1,-0.023754792,1.841452337,-0.242268477,-0.072837404,-0.157552941,0.169431072,0.073254033,0.010308597,-0.377321679,0.832632673,0.804256006,0.019185661,1.026974879,0.271355521,291.9746703,249.2985649,301.1517556,325.4736898,1.824418088,-0.828443547,-0.657930925,1.486374472,-54.15149347,-3.456166219,50.61379064,1.894668033,-0.33228003,-0.493586331,-0.501361952,0.196842006,0.199569559,1.9484077,1.950433687,0.040639883,0.038775899,-16.44383374,-12.98766752,0.284226686,-0.031259487,0.028376667,0.194342206,615.2970358,0.151164822,19.80163433,5.810305941,10.59139561,38.57535252,655.409363,535.0957701,0.681921816,4.585135236,3.167751298,5.647046293,2.479294995,4.454057851,8.420905747,4.500741861,14.87561907,10.37487721,8.955585601,5.750689826,3.524709688,12.02204465,8.497334959,5.524765495,0.382609077,-4.512738872,3.610107944,8.122846816,1.385988186,-6.133298902,-8.704448967,-2.662718584,6.041730382,-6.910753681,0.93448747,0.885885733,0.938548992,0.052663259,0.891713098,17.71739144,17.10443897,23.7047702,6.600331224,22.83746434,93.01222431,52.09964855,93.30829194,41.20864339,52.09964855,10.72724788,10.72052271,11.59385309,0.873330386,11.59385309,41.74694155,14.76712782,41.93659303,27.16946521,14.76712782,95.62161401,88.98367668,124.1158215,35.1321448,96.5326658,250.1183803,178.4556796,253.5681703,75.11249072,221.6548607,26.19571243,2.37524947,26.35993501,23.98468554,2.37524947,146.9245516,54.33985814,147.4700087,93.13015051,117.7610625,0,0,0,0,0,22.19711778,14.76712782,22.30496266,7.537834845,14.76712782,0,0,0,0,0,230.1974077,169.074379,239.4203098,70.34593081,220.8378534,63.35352865,52.09964855,67.0309834,14.93133485,52.09964855,29.65869566,0,29.89195503,29.89195503,0,556.7034143,543.1392668,610.1397927,67.00052591,609.343903,55.00304185,0.817007313,71.63842663,70.82141932,0.817007313,5.157293465,5.155228599,5.592462299,0.4372337,5.296218086,7.818047555,7.72261124,7.927541909,0.204930669,7.787127034,9.180545454,9.089719006,9.857398499,0.767679493,9.517572001,4.512795933,4.510993751,4.986090943,0.475097191,4.60360423,7.404268393,6.964882416,7.4203704,0.455487984,7.4203704,7.158434217,7.151032665,8.323971458,1.172938793,7.899066223,3.326
27,COc1cccc(OC)c1-c1ccccc1P(c1ccccc1C)c1ccccc1C,-0.052474396,1.821309744,-0.213938215,-0.027531373,-0.120734794,0.186406842,0.039104349,0.054480084,-0.346443949,0.807275366,0.765323031,0.050072856,1.138142852,0.423491776,321.3479151,309.8296316,321.6575702,332.5566422,1.824147899,-0.754117025,-0.735250506,1.489367533,-54.18792902,-8.059678661,49.17114901,1.887303886,-0.294992614,-0.465609112,-0.466631852,0.237268531,0.239411219,1.949119636,1.950788124,0.043367433,0.04206893,-18.2054139,-10.14573524,0.255660108,0.013916711,0.041952335,0.330867486,476.4566608,0.22852664,20.77116609,4.536179475,13.65431571,37.87926781,546.8068793,431.9639117,0.748715577,1.470906504,0.740249954,2.760723887,2.020473933,2.760723887,11.68908473,8.619437884,13.22231172,4.602873835,9.086681469,7.733043908,5.664303749,9.55390039,3.889596641,6.888202596,0.861508771,-4.533437268,1.882417804,6.415855072,-1.056971472,-8.594552678,-9.509560871,-4.894956676,4.614604195,-5.831231124,0.926254643,0.838363682,0.930343975,0.091980292,0.839358909,18.84911613,18.29689913,28.66492087,10.36802174,28.66492087,108.8864848,62.94567982,111.6524137,48.70673385,62.94567982,13.64180508,11.16607809,17.33377784,6.167699747,12.44626539,41.22992904,19.07416318,42.93334016,23.85917698,19.55318752,68.71036514,61.20256999,88.9954823,27.7929123,82.31467762,175.7158463,163.987732,201.1409925,37.15326054,167.7544977,20.79731486,6.307850971,23.38747398,17.07962301,7.106922127,95.02699379,71.12056693,121.1261877,50.00562075,71.12056693,0.039173214,0,0.288669685,0.288669685,0,22.1047716,18.82523788,22.2913659,3.466128025,18.82523788,0.04211072,0,0.244237705,0.244237705,0,137.1846458,117.5371495,184.584348,67.0471985,167.7544977,76.20747872,62.21773018,77.95336571,15.73563553,62.21773018,32.67900612,0.096223228,36.96854592,36.87232269,0.72794964,401.9206861,392.5969822,470.9889541,78.39197188,468.9335614,74.4538043,0.71200648,83.30191354,82.58990706,0.71200648,4.41659202,4.271621693,4.782455309,0.510833616,4.5938761,6.969748402,6.435956221,7.700401642,1.26444542,7.017577725,7.632401696,7.542678558,10.01065954,2.467980977,10.00210056,4.299647298,4.163728686,4.65357703,0.489848344,4.556436321,6.717266345,6.07744743,6.996541038,0.919093609,6.853833589,7.194456001,7.112432935,8.375639738,1.263206803,8.269942535,1.764
28,COc1cccc(OC)c1-c1ccccc1P(c1ccc(C(F)(F)F)cc1)c1ccc(C(F)(F)F)cc1,-0.035071569,1.820342725,-0.232741722,-0.056612164,-0.144676943,0.176129558,0.059420575,0.028195456,-0.365287714,0.822229194,0.778076891,0.030628626,1.067398933,0.332924485,295.0031588,258.813268,301.6200768,324.5761319,1.801923725,-0.782427407,-0.68782273,1.470250135,-54.16567202,-5.678825557,50.04480608,1.892800709,-0.317569371,-0.482127243,-0.48806897,0.213139424,0.214674051,1.948951837,1.95081009,0.040310116,0.038565798,-17.37088976,-11.69206421,0.27433714,-0.013934034,0.044152303,0.245169739,529.3121415,0.176815797,19.93049717,5.349948001,10.16045305,39.49053477,580.2027744,477.7251172,0.704196746,4.153624787,2.88023621,4.564214481,1.683978271,3.943471206,18.55472984,14.06576094,25.83520128,11.76944034,14.06576094,13.95636126,6.740653924,17.55254001,10.81188608,6.740653924,-1.879685368,-3.432170238,7.541678648,10.97384889,4.682343644,-12.07667589,-18.90840043,-9.868445643,9.039954788,-11.42299757,0.93265554,0.879991833,0.936254024,0.056262191,0.886714289,17.98689748,17.39712277,24.47657615,7.079453372,23.45869296,93.59124771,51.95635962,100.4957487,48.53938911,51.95635962,10.90912912,10.44126617,11.62941385,1.188147687,11.62941385,41.91617252,14.55062555,42.14472805,27.5941025,14.55062555,78.67593694,64.51445582,95.12514478,30.61068896,75.22816879,205.2188503,170.6613291,217.4157108,46.75438176,199.4537794,25.12869326,2.106451974,25.16864961,23.06219763,2.106451974,126.5215976,83.63799934,126.6096374,42.97163805,103.2520341,0,0,0,0,0,22.04742503,14.55062555,22.40013999,7.849514432,14.55062555,0,0,0,0,0,186.8550812,155.1666543,212.1266897,56.96003537,199.4537794,63.51616073,51.95635962,66.9399897,14.98363008,51.95635962,30.07508698,0,35.25535409,35.25535409,0,470.6598787,454.8762821,524.9202656,70.04398344,524.9202656,58.64390184,0,69.77662522,69.77662522,0,4.663145174,4.383554244,5.3020583,0.918504055,5.3020583,8.101941142,8.024421218,8.208499213,0.184077995,8.177377063,8.088395837,7.826963003,9.928423581,2.101460578,9.398328854,4.196683957,4.135156824,4.516333092,0.381176268,4.500579314,6.524285682,6.106533338,6.865570146,0.759036807,6.133858578,7.116138135,7.113951141,8.349094488,1.235143347,7.820620428,3.212
29,CC(C)c1cc(C(C)C)c(-c2ccccc2P(c2cc(C(F)(F)F)cc(C(F)(F)F)c2)c2cc(C(F)(F)F)cc(C(F)(F)F)c2)c(C(C)C)c1,-0.025787749,2.041432987,-0.246248285,-0.077339041,-0.161793663,0.168909244,0.07748913,0.004121735,-0.38459657,0.840744616,0.814097625,0.01172664,1.034219445,0.277387117,307.1632836,278.6783443,310.3769334,332.4344732,1.835912288,-0.825180588,-0.671196535,1.496377644,-54.1470669,-6.514714249,50.72428921,1.892903352,-0.335904361,-0.499976933,-0.506266127,0.193332222,0.195905522,1.949039119,1.950004564,0.039416666,0.039018587,-18.73582629,-12.22111204,0.284881399,-0.036495373,0.026646991,0.193474829,718.1057732,0.144383727,20.2224477,6.126756475,10.78958137,42.23633254,792.6923082,640.2104246,0.64699062,3.990100618,3.865221044,4.489932958,0.624711914,4.214364998,9.629241249,9.530709551,13.6445991,4.11388955,11.70936513,6.543761647,6.465903054,9.686071966,3.220168911,8.619225089,0.502402431,-1.683561031,1.052389773,2.735950804,-0.726829402,-7.046164078,-9.870451739,-6.405104875,3.465346864,-7.892395687,0.937515607,0.873328226,0.937965234,0.064637008,0.875904614,17.2925102,17.22673324,25.00926271,7.782529474,24.48212678,103.6828268,53.24491415,109.3420103,56.09709614,53.24491415,10.97658111,10.2906559,11.8877523,1.597096407,11.57398091,41.6263863,15.78688485,42.8967335,27.10984864,15.78688485,110.4570253,101.7169789,129.770383,28.05340405,116.0424914,268.3403623,246.0227394,295.1701292,49.14738977,287.5912784,25.22465547,3.830102845,26.21769197,22.38758913,3.830102845,145.6475247,91.01776209,174.5708809,83.55311882,161.9441309,0.000000476,0,0.109819989,0.109819989,0,22.33316883,15.77747171,22.39909408,6.621622368,15.77747171,0.060684942,0,0.108382661,0.108382661,0,207.7073033,187.1405029,283.2163716,96.07586867,280.5806397,66.46225853,53.23550101,68.66991599,15.43441499,53.23550101,37.22056822,0.009413142,43.61213228,43.60271914,0.009413142,573.8242763,570.1255509,708.3076511,138.1821002,708.3076511,144.2808425,7.001515495,144.3846031,137.3830876,7.001515495,5.75550612,5.354871762,6.170478054,0.815606292,5.574172292,7.841559539,7.687094886,9.271746134,1.584651248,8.109607547,9.083113495,8.652138158,11.3639064,2.711768237,9.760725446,4.787100756,4.167913543,4.922620537,0.754706994,4.528160856,7.264417855,6.978601372,7.762219793,0.783618422,6.978601372,7.041225164,7.031976373,8.275143507,1.243167135,7.706613863,3.264
30,CC(C)(C)P(C1CCCCC1)C(C)(C)C,-0.067773247,1.782725937,-0.216838972,0.033656057,-0.091591457,0.250495029,0.016744957,0.11025774,-0.431334326,0.770485769,0.750168609,0.025736961,1.39987253,0.806980542,241.7788574,207.1507421,225.2080381,292.9777924,1.733973841,-0.718291069,-0.697440576,1.415732587,-54.20056022,-5.115629721,49.33849468,1.932417902,-0.29040992,-0.431535718,-0.43656051,0.184769515,0.191237797,1.943123105,1.949636648,0.054158098,0.046773957,-8.721618784,-3.605989063,0.27273318,0.072241814,0.02031716,0.629386761,277.7563395,0.230425566,18.13179133,3.067422281,12.70093206,31.15056375,350.5435447,284.5384425,0.844965034,1.136436628,1.12692255,1.189465179,0.062542629,1.189465179,3.213320538,2.897515869,3.36818758,0.470671711,2.90878771,1.57560043,1.278512527,1.633201267,0.35468874,1.444361849,1.028662018,0.91057353,1.189805518,0.279231989,0.91057353,-2.604262448,-2.736944262,-2.354935379,0.382008883,-2.354935379,0.843092138,0.83297565,0.874640158,0.041664508,0.874640158,28.21776047,24.8571019,29.34153153,4.484429636,24.8571019,64.00221492,61.55776434,64.27293283,2.715168483,61.55776434,14.09328868,11.96096563,14.29856253,2.337596903,13.54864889,18.27796944,17.52204068,18.39746287,0.875422196,17.52204068,51.26395037,50.43987593,54.44485157,4.004975641,53.45718372,103.1009635,92.15024203,103.9509281,11.80068611,92.15024203,3.197172095,2.722489816,4.857181215,2.1346914,3.973391782,51.8334169,30.31347624,52.91292173,22.59944548,30.31347624,0,0,0,0,0,18.27796944,17.52204068,18.39746287,0.875422196,17.52204068,0,0,0,0,0,103.1009635,92.15024203,103.9509281,11.80068611,92.15024203,64.00221492,61.55776434,64.27293283,2.715168483,61.55776434,0,0,0,0,0,276.613689,276.5790586,277.7029802,1.123921598,276.9350708,0,0,0,0,0,3.984986929,3.98343868,4.077447158,0.094008478,4.077447158,6.575061096,6.495456001,6.799015471,0.303559471,6.79090402,7.488961826,6.697178538,7.496178587,0.799000049,6.707379114,3.984986929,3.98343868,4.077447158,0.094008478,4.077447158,6.20657205,6.095225516,6.450931346,0.35570583,6.423807509,7.083345334,6.697178538,7.146336491,0.449157953,6.707379114,0.727
31,CC(C)(C)P(c1ccccc1)C(C)(C)C,-0.0621596,1.782106778,-0.22535,-0.02504,-0.125195,0.20031,0.039123828,0.08049,-0.40468,0.76585,0.72141,0.04894,1.3876,0.78501,252.493,228.5532,234.5389,294.3869,1.760936863,-0.79994,-0.63469,1.43463,-54.194663,-4.69,49.05,1.9298,-0.29339,-0.43323,-0.44688,0.18062,0.198913333,1.93588,1.94592,0.05943,0.049146667,-9.395197287,-4.705197287,0.2805171,0.0278839,0.04444,0.62175,270.007243,0.233792156,18.26,3.15,13.32,31.57,328.85884,274.27993,0.840033,1.14296524,1.14296524,1.14296524,0,1.14296524,4.348823169,4.348823169,4.348823169,0,4.348823169,3.211239189,3.211239189,3.211239189,0,3.211239189,-0.293335847,-0.293335847,-0.293335847,0,-0.293335847,-2.917903341,-2.917903341,-2.917903341,0,-2.917903341,0.856901014,0.856901014,0.856901014,0,0.856901014,26.76528983,26.76528983,26.76528983,0,26.76528983,63.12557542,63.12557542,63.12557542,0,63.12557542,13.57061289,13.57061289,13.57061289,0,13.57061289,18.11506862,18.11506862,18.11506862,0,18.11506862,50.22050876,50.22050876,50.22050876,0,50.22050876,92.25001944,92.25001944,92.25001944,0,92.25001944,4.481701444,4.481701444,4.481701444,0,4.481701444,42.02951068,42.02951068,42.02951068,0,42.02951068,0,0,0,0,0,18.11506862,18.11506862,18.11506862,0,18.11506862,0,0,0,0,0,92.25001944,92.25001944,92.25001944,0,92.25001944,63.12557542,63.12557542,63.12557542,0,63.12557542,0,0,0,0,0,269.2190183,269.2190183,269.2190183,0,269.2190183,0,0,0,0,0,3.936131037,3.936131037,3.936131037,0,3.936131037,6.443026203,6.443026203,6.443026203,0,6.443026203,7.487539402,7.487539402,7.487539402,0,7.487539402,3.936131037,3.936131037,3.936131037,0,3.936131037,6.029334909,6.029334909,6.029334909,0,6.029334909,7.042765705,7.042765705,7.042765705,0,7.042765705,1.211
32,CC(C)(C)P(C1CCCCC1)C1CCCCC1,-0.066849648,1.781811298,-0.219144995,0.032404274,-0.09337036,0.251549269,0.017330087,0.106744766,-0.426158476,0.768605659,0.741982524,0.025087508,1.377236726,0.788718391,266.0035554,226.0597716,259.1998615,312.7510541,1.698631593,-0.713951138,-0.67271542,1.386667149,-54.20158083,-6.858884132,50.56840951,1.939447061,-0.296954917,-0.427928495,-0.436929809,0.183342272,0.196409085,1.943456206,1.954314112,0.050559381,0.038844965,-10.41228635,-3.55340222,0.274460413,0.069944466,0.026623135,0.608631067,301.738832,0.200595824,18.52897748,3.417590443,12.60064747,30.37103293,381.4974549,314.0448848,0.810027585,1.214170065,1.112616137,1.258888446,0.146272308,1.222418153,3.296172503,2.209146197,3.67382308,1.464676883,3.67382308,1.643125243,1.052480047,1.823176081,0.770696034,1.688889634,1.020452755,0.666710853,1.342385475,0.675674622,1.302466188,-2.663577997,-2.991355822,-1.784832607,1.206523216,-2.991355822,0.889988074,0.836794299,0.923087975,0.086293676,0.836794299,23.27581565,19.229109,28.98376572,9.754656721,28.98376572,60.52699471,57.52057238,72.42785142,14.90727904,57.52057238,12.30750407,11.92122125,14.32366424,2.402442991,11.95991972,17.50814425,16.05149873,25.81397278,9.762474045,17.64754924,48.25011943,45.62399246,56.1729419,10.54894944,51.12638104,101.8361151,93.93197946,103.8194027,9.887423264,97.82955027,4.44093489,1.767578866,11.572935,9.805356136,5.687629511,52.16467277,36.54132297,56.74205302,20.20073005,45.35486341,0,0,0,0,0,17.23720676,16.05149873,21.33645495,5.284956219,17.64754924,0,0,0,0,0,101.8360996,93.93197946,103.8194027,9.887423264,97.82955027,60.21600021,57.52057238,68.80065408,11.2800817,57.52057238,0.310994492,0,5.118657379,5.118657379,0,299.9695027,287.5752965,301.8664961,14.2911996,301.8414711,0.675818986,0,10.416007,10.416007,0,4.04029665,3.720836132,4.265883616,0.545047484,4.111594416,6.76157267,6.446337104,6.851729633,0.405392529,6.582163817,7.552159447,6.699425696,7.607634179,0.908208482,7.438119674,4.033252444,3.720836132,4.254810916,0.533974784,4.111594416,6.366420863,6.092568319,6.462962415,0.370394096,6.142228678,7.120916863,6.530565442,7.187777928,0.657212486,6.971933487,1.053
35,CC(C)c1cc(C(C)C)c(-c2ccccc2P(c2ccc(C(F)(F)F)cc2)c2ccc(C(F)(F)F)cc2)c(C(C)C)c1,-0.034387228,1.937283117,-0.237716115,-0.061394791,-0.149555453,0.176321325,0.063426404,0.021387658,-0.374835791,0.828657562,0.781789524,0.035790231,1.069484453,0.330105998,307.4165555,280.4368472,311.0233921,330.7893919,1.813636869,-0.77703357,-0.703180186,1.480214432,-54.16052995,-8.743083099,50.05304875,1.89142332,-0.321774309,-0.48836925,-0.493476274,0.208051386,0.210115367,1.949023032,1.950364885,0.039331917,0.038617321,-19.38651117,-10.64342807,0.276311418,-0.019370854,0.046868037,0.240826891,631.2353964,0.161850999,20.3870886,5.747036358,10.29000978,41.56175841,717.1755123,575.2975931,0.673506476,3.506638778,3.505097514,4.099166931,0.594069417,3.778012693,20.97797184,15.38777361,21.83997418,6.45220057,18.65741024,15.11098285,8.233213755,15.23577604,7.002562283,9.732394244,-0.575441636,-4.813269637,6.69363335,11.50690299,5.283179955,-14.53554121,-15.8580497,-7.644042543,8.214007154,-15.0155742,0.934284058,0.865868069,0.93533784,0.069469771,0.880431005,17.7603439,17.59648031,25.86287892,8.266398608,24.20175343,102.1660172,53.73125981,109.2457871,55.51452725,53.73125981,11.00771346,10.37537417,11.73714203,1.36176786,10.95271354,41.42790275,16.5158804,43.66756523,27.15168483,16.5158804,79.01116703,69.03525771,100.792023,31.75676534,100.792023,244.8470736,240.1178963,280.5718715,40.45397515,260.5817713,24.941024,5.546432383,28.88893246,23.34250008,5.546432383,153.0741297,146.9597802,189.4625838,42.5028036,159.7897483,0.00000323,0,0.037652568,0.037652568,0,22.31908425,16.5158804,22.39386456,5.877984158,16.5158804,0.00000315,0,0.036323851,0.036323851,0,172.8784637,171.2709805,265.6766995,94.40571903,260.5817713,66.22882356,53.73125981,67.72128047,13.99002066,53.73125981,35.93719365,0,42.98249768,42.98249768,0,487.4036483,485.2352297,627.599525,142.3642953,627.1483494,142.0117938,0,142.8736394,142.8736394,0,5.288095179,4.863954203,5.365742784,0.501788581,5.141827452,8.06770329,8.05445121,9.173891912,1.119440702,8.224616059,8.064253217,7.695050719,11.74361698,4.04856626,11.55376508,4.297896787,4.137087569,4.438010625,0.300923056,4.33590462,7.294020411,6.151368114,7.876237625,1.724869512,6.72853591,7.045509908,7.04128758,8.348811096,1.307523516,7.26787651,3.06
