ID,smiles,vmin_vmin_boltz,vmin_r_boltz,fmo_e_homo_boltz,fmo_e_lumo_boltz,fmo_mu_boltz,fmo_eta_boltz,fmo_omega_boltz,somo_ra_boltz,somo_rc_boltz,nbo_P_boltz,nbo_P_ra_boltz,spindens_P_ra_boltz,nbo_P_rc_boltz,spindens_P_rc_boltz,nmr_P_boltz,nmrtens_sxx_P_boltz,nmrtens_syy_P_boltz,nmrtens_szz_P_boltz,efg_amp_P_boltz,efgtens_xx_P_boltz,efgtens_yy_P_boltz,efgtens_zz_P_boltz,nuesp_P_boltz,E_solv_cds_boltz,nbo_lp_P_percent_s_boltz,nbo_lp_P_occ_boltz,nbo_lp_P_e_boltz,nbo_bd_e_max_boltz,nbo_bd_e_avg_boltz,nbo_bds_e_min_boltz,nbo_bds_e_avg_boltz,nbo_bd_occ_min_boltz,nbo_bd_occ_avg_boltz,nbo_bds_occ_max_boltz,nbo_bds_occ_avg_boltz,E_solv_total_boltz,E_solv_elstat_boltz,E_oxidation_boltz,E_reduction_boltz,fukui_p_boltz,fukui_m_boltz,vbur_vtot_boltz,vbur_ratio_vbur_vtot_boltz,Pint_P_int_boltz,Pint_dP_boltz,Pint_P_min_boltz,Pint_P_max_boltz,volume_boltz,surface_area_boltz,sphericity_boltz,dipolemoment_boltz,dipolemoment_min,dipolemoment_max,dipolemoment_delta,dipolemoment_vburminconf,qpole_amp_boltz,qpole_amp_min,qpole_amp_max,qpole_amp_delta,qpole_amp_vburminconf,qpoletens_xx_boltz,qpoletens_xx_min,qpoletens_xx_max,qpoletens_xx_delta,qpoletens_xx_vburminconf,qpoletens_yy_boltz,qpoletens_yy_min,qpoletens_yy_max,qpoletens_yy_delta,qpoletens_yy_vburminconf,qpoletens_zz_boltz,qpoletens_zz_min,qpoletens_zz_max,qpoletens_zz_delta,qpoletens_zz_vburminconf,pyr_P_boltz,pyr_P_min,pyr_P_max,pyr_P_delta,pyr_P_vburminconf,pyr_alpha_boltz,pyr_alpha_min,pyr_alpha_max,pyr_alpha_delta,pyr_alpha_vburminconf,vbur_vbur_boltz,vbur_vbur_min,vbur_vbur_max,vbur_vbur_delta,vbur_vbur_vburminconf,vbur_qvbur_min_boltz,vbur_qvbur_min_min,vbur_qvbur_min_max,vbur_qvbur_min_delta,vbur_qvbur_min_vburminconf,vbur_qvbur_max_boltz,vbur_qvbur_max_min,vbur_qvbur_max_max,vbur_qvbur_max_delta,vbur_qvbur_max_vburminconf,vbur_qvtot_min_boltz,vbur_qvtot_min_min,vbur_qvtot_min_max,vbur_qvtot_min_delta,vbur_qvtot_min_vburminconf,vbur_qvtot_max_boltz,vbur_qvtot_max_min,vbur_qvtot_max_max,vbur_qvtot_max_delta,vbur_qvtot_max_vburminconf,vbur_max_delta_qvbur_boltz,vbur_max_delta_qvbur_min,vbur_max_delta_qvbur_max,vbur_max_delta_qvbur_delta,vbur_max_delta_qvbur_vburminconf,vbur_max_delta_qvtot_boltz,vbur_max_delta_qvtot_min,vbur_max_delta_qvtot_max,vbur_max_delta_qvtot_delta,vbur_max_delta_qvtot_vburminconf,vbur_ovbur_min_boltz,vbur_ovbur_min_min,vbur_ovbur_min_max,vbur_ovbur_min_delta,vbur_ovbur_min_vburminconf,vbur_ovbur_max_boltz,vbur_ovbur_max_min,vbur_ovbur_max_max,vbur_ovbur_max_delta,vbur_ovbur_max_vburminconf,vbur_ovtot_min_boltz,vbur_ovtot_min_min,vbur_ovtot_min_max,vbur_ovtot_min_delta,vbur_ovtot_min_vburminconf,vbur_ovtot_max_boltz,vbur_ovtot_max_min,vbur_ovtot_max_max,vbur_ovtot_max_delta,vbur_ovtot_max_vburminconf,vbur_near_vbur_boltz,vbur_near_vbur_min,vbur_near_vbur_max,vbur_near_vbur_delta,vbur_near_vbur_vburminconf,vbur_far_vbur_boltz,vbur_far_vbur_min,vbur_far_vbur_max,vbur_far_vbur_delta,vbur_far_vbur_vburminconf,vbur_near_vtot_boltz,vbur_near_vtot_min,vbur_near_vtot_max,vbur_near_vtot_delta,vbur_near_vtot_vburminconf,vbur_far_vtot_boltz,vbur_far_vtot_min,vbur_far_vtot_max,vbur_far_vtot_delta,vbur_far_vtot_vburminconf,sterimol_B1_boltz,sterimol_B1_min,sterimol_B1_max,sterimol_B1_delta,sterimol_B1_vburminconf,sterimol_B5_boltz,sterimol_B5_min,sterimol_B5_max,sterimol_B5_delta,sterimol_B5_vburminconf,sterimol_L_boltz,sterimol_L_min,sterimol_L_max,sterimol_L_delta,sterimol_L_vburminconf,sterimol_burB1_boltz,sterimol_burB1_min,sterimol_burB1_max,sterimol_burB1_delta,sterimol_burB1_vburminconf,sterimol_burB5_boltz,sterimol_burB5_min,sterimol_burB5_max,sterimol_burB5_delta,sterimol_burB5_vburminconf,sterimol_burL_boltz,sterimol_burL_min,sterimol_burL_max,sterimol_burL_delta,sterimol_burL_vburminconf,Y1,Y2,Y3
323,CC(C)(C)P(c1ccnn1-c1cccc2ccccc12)C(C)(C)C,-0.058171647,1.828151109,-0.226622067,-0.052843284,-0.139732676,0.173778783,0.056178565,0.047075058,-0.375149108,0.771695677,0.804601501,0.000785268,1.070608679,0.392648144,292.0223345,242.4141398,305.4463977,328.2063841,1.865841633,-0.938520188,-0.569999366,1.508519554,-54.18578765,-6.71,49.6996747,1.925696716,-0.301820031,-0.440290147,-0.46089432,0.177097366,0.195812928,1.93671467,1.945867426,0.061763284,0.050919122,-15.4101874,-8.700187404,0.271469421,-0.002720513,-0.032905824,0.298913002,387.9431483,0.239274057,19.7996747,4.009349408,13.68213012,36.58790127,457.9598974,365.2101817,0.78673743,2.284977229,2.2609379,2.30057367,0.03963577,2.2609379,13.41019799,13.28857449,13.48910592,0.200531423,13.28857449,7.023949957,6.840715118,7.306376098,0.46566098,7.306376098,3.755353452,3.293448352,4.055032179,0.761583827,3.293448352,-10.77930341,-10.8957473,-10.59982445,0.295922847,-10.59982445,0.871346448,0.871166581,0.871623684,0.000457104,0.871623684,25.10536852,25.06474452,25.1317249,0.066980375,25.06474452,92.82478674,92.15047549,93.26227214,1.111796648,92.15047549,15.05378582,14.9878137,15.09658778,0.108774084,14.9878137,38.3259581,37.30846493,38.986096,1.677631066,37.30846493,54.56950635,53.99160158,54.94444433,0.952842748,53.99160158,194.5952954,192.5134233,197.8041563,5.290733052,197.8041563,21.42004525,20.45266552,22.04767012,1.595004598,20.45266552,129.4639846,124.1767674,137.6133537,13.43658625,137.6133537,0,0,0,0,0,21.63485174,21.29357286,21.85626956,0.562696704,21.29357286,0,0,0,0,0,117.8768699,115.0611374,122.2168549,7.15571742,122.2168549,71.83803924,71.34324829,72.15905392,0.81580563,71.34324829,20.9867475,20.8072272,21.10321821,0.295991017,20.8072272,299.5543628,297.7619611,302.3170529,4.555091865,302.3170529,87.19766932,82.54886499,90.21376022,7.664895227,82.54886499,3.947476857,3.932126563,3.957435952,0.025309389,3.932126563,7.465381914,7.223138375,7.838760188,0.615621814,7.838760188,6.832101391,6.823056152,6.837969838,0.014913686,6.823056152,3.947476857,3.932126563,3.957435952,0.025309389,3.932126563,7.208779038,7.001173181,7.528769064,0.527595883,7.528769064,6.832101391,6.823056152,6.837969838,0.014913686,6.823056152,0.04,0.04,0.34
327,c1ccc(-c2nn(-c3ccccc3)c(-c3ccccc3)c2-n2nccc2P(C2CCCCC2)C2CCCCC2)cc1,-0.054417865,1.817123296,-0.228504394,-0.049092063,-0.138798229,0.179412331,0.053694789,0.028505558,-0.351810119,0.789166775,0.812351924,0.003309519,0.963237443,0.237730872,320.6771441,281.3688571,319.3394842,361.323097,1.809755985,-0.954658412,-0.499432482,1.454090341,-54.18862739,-13.38482086,51.30987058,1.9319773,-0.309392655,-0.44357318,-0.461963066,0.1998172,0.210371128,1.947168843,1.953979119,0.041113681,0.035177524,-25.04024787,-11.65542701,0.266173427,-0.010083809,-0.023185149,0.174070668,618.0337399,0.160583763,21.44254302,4.857758239,13.34264335,41.71104321,722.7471486,555.2238998,0.70147017,3.354584596,1.83918398,3.851507327,2.012323347,2.180856032,18.52428618,16.78125237,21.13943028,4.358177909,21.13943028,11.41760984,9.262508535,14.48663812,5.224129588,13.06735674,2.831851542,-1.909815478,4.112867603,6.022683081,3.232124062,-14.24946138,-16.2994808,-11.57582068,4.723660124,-16.2994808,0.935323284,0.884110023,0.946682661,0.062572638,0.90458565,17.43791384,15.84102312,23.93358361,8.092560484,21.59550549,99.24659754,54.09105102,117.5973357,63.50628472,54.09105102,12.47596013,9.821044706,15.30995233,5.488907627,11.02697277,40.41110493,15.65614677,44.63711884,28.98097207,16.50228364,60.19982013,45.16450567,90.69304069,45.52853503,77.04423543,261.8828015,229.199962,324.4153843,95.21542228,289.3867709,23.58148702,2.535272882,27.96749046,25.43221758,5.475310866,165.9879865,138.3414659,256.7442952,118.4028293,198.510672,0.000189876,0,2.08762569,2.08762569,0,22.07677339,15.65614677,22.36562513,6.709478358,16.50228364,0.000241418,0,2.237733294,2.237733294,0,162.5847374,133.986557,279.6424876,145.6559306,279.6424876,68.59818823,54.09105102,75.71408384,21.62303283,54.09105102,30.64840932,0,51.0098159,51.0098159,0,447.988655,432.2196153,612.4045217,180.1849065,606.3062566,169.3958707,0,183.6770994,183.6770994,9.994214218,4.599757569,3.927369076,4.992480396,1.065111321,4.338663556,8.304761032,7.735574686,10.91994915,3.18437446,10.51960342,7.616406828,6.7703834,10.78593473,4.015551334,10.78593473,4.42688566,3.850943126,4.910248527,1.059305401,4.104780708,7.169716316,6.524046906,7.903740277,1.379693371,7.825551818,7.201824117,6.7703834,8.17144646,1.40106306,7.405053131,0.04,0.03,0.44
337,c1ccc(P(C2CCCCC2)C2CCCCC2)c(-n2c3ccccc3c3ccccc32)c1,-0.063099694,1.873045644,-0.213277252,-0.035534639,-0.124405945,0.177742614,0.043540621,0.04719444,-0.345530182,0.804728404,0.794188321,0.022080625,0.840562945,0.083072305,304.2789637,275.1570836,303.2422555,334.4376509,1.798490393,-0.909097743,-0.544143382,1.453241585,-54.19174858,-12.81374594,51.83930605,1.92888214,-0.306961285,-0.442456537,-0.454166801,0.199817728,0.207710393,1.946750961,1.953292615,0.038236922,0.033802101,-21.21992805,-8.406182113,0.256719101,0.006386968,0.010540083,0.035834541,491.7118572,0.202803636,20.84084042,4.77202791,13.01929826,42.02097595,582.8073036,466.4136722,0.723441175,2.688707289,1.000702816,2.896760253,1.896057437,1.373241824,7.494265234,6.989101734,11.0616483,4.07254657,9.034556066,4.974741305,4.036335842,6.978785838,2.942449997,6.401441774,0.526862681,-1.045493325,1.51682579,2.562319115,-0.026172246,-5.501603985,-8.454515552,-5.312470627,3.142044925,-6.375269527,0.93028322,0.856165301,0.949204285,0.093038984,0.885911711,18.16686081,15.33602672,26.82135889,11.48533217,23.62202271,99.72147891,56.61795666,117.9090153,61.29105866,56.61795666,13.12051787,10.24254428,16.8087337,6.566189421,11.01442192,43.03431706,15.85905228,44.74798474,28.88893246,17.79502179,64.34443696,48.54621407,91.5146893,42.96847523,62.38450075,202.2186732,166.6354557,234.0219654,67.38650974,205.9923659,26.85139391,2.279026242,29.62943296,27.35040671,6.780599875,113.7330502,74.56368249,182.9265143,108.3628318,139.6741849,5.75E-06,0,0.302266445,0.302266445,0,21.99012036,15.85905228,22.4043236,6.545271328,17.79502179,8.69E-06,0,0.926545855,0.926545855,0,138.139443,118.1814667,205.9923659,87.81089926,205.9923659,67.66689484,56.61795666,80.79090504,24.17294837,56.61795666,32.05458407,0,42.19388557,42.19388557,0,389.7276309,364.9493782,491.6723842,126.723006,490.9650833,98.29487137,0,121.4174687,121.4174687,0,4.541863833,4.082960865,4.934101434,0.851140568,4.400796111,7.693069299,6.752245296,8.772682602,2.020437306,8.234275558,7.793908491,7.630054826,10.87282102,3.242766194,10.87282102,4.445071189,3.849587709,4.909072183,1.059484474,4.167489359,7.346524591,6.346760421,7.788454268,1.441693848,7.234149176,7.311856751,7.069850656,8.244172424,1.174321769,7.463888196,0.06,0.05,0.75
340,c1ccc(-c2nn(-c3ccccc3)c(-c3ccccc3)c2-n2nccc2P(C23CC4CC(CC(C4)C2)C3)C23CC4CC(CC(C4)C2)C3)cc1,-0.059610611,1.791069224,-0.224014266,-0.048097392,-0.136055829,0.175916874,0.052613754,0.02808667,-0.342410227,0.816543873,0.838476455,0.004292332,1.114211893,0.381384115,290.1898472,234.1524923,308.1314925,328.285479,1.847826459,-0.970310992,-0.51539567,1.485705886,-54.1913466,-15.17435367,47.68196617,1.916132448,-0.287479628,-0.437812447,-0.456538958,0.198188389,0.21134627,1.939488575,1.94750481,0.051541062,0.044348486,-27.00803444,-11.83368077,0.261670981,-0.009768438,-0.021932581,0.29766802,708.27127,0.146526649,22.25877883,4.836782928,13.89786358,41.85476038,830.0290729,596.9064777,0.715551902,3.245140673,2.935661871,3.327640453,0.391978582,2.958521561,20.89517807,15.590145,20.96218628,5.37204128,20.68973631,12.65698483,11.34283463,13.71207968,2.369245053,13.56675103,3.549286163,-1.570799215,4.020860548,5.591659763,1.933851347,-16.206271,-16.4181066,-10.67455508,5.743551521,-15.50060238,0.872895835,0.867041034,0.873507955,0.006466921,0.873507955,24.9708772,24.90960631,25.62792125,0.718314945,24.90960631,103.7814809,100.7373527,113.7358557,12.99850305,100.7373527,14.98635014,14.81210172,14.99513503,0.183033315,14.95643656,40.29559427,38.28220216,42.22003319,3.937831024,38.28220216,90.87777519,90.84324105,91.25976434,0.416523287,90.99720368,253.9750748,246.5145289,289.1146833,42.6001543,279.8353292,21.7555467,20.30414706,22.17108687,1.866939808,20.30414706,125.3268885,112.2681138,197.0314621,84.76334832,170.6918876,0,0,0,0,0,22.00461081,21.88973851,22.34366113,0.45392262,21.9995585,0,0,0,0,0,166.6826573,165.5833983,185.0766604,19.49326208,165.5833983,75.09793951,74.70478585,76.13662932,1.431843472,74.70478585,28.68354143,26.03256685,37.59922642,11.56665957,26.03256685,532.4798279,519.1113745,532.8278134,13.7164389,532.8278134,175.7914421,174.70972,190.3654877,15.65576766,174.70972,5.068440946,5.068293407,5.099574467,0.03128106,5.068829594,8.345160747,8.300872196,9.270496757,0.969624561,8.300872196,7.490359317,7.423553002,7.526194267,0.102641265,7.526194267,4.999610942,4.998716688,5.034782454,0.036065766,5.002540704,7.607153896,7.158003022,7.786748459,0.628745437,7.456175329,7.01355856,6.971665522,7.047029022,0.0753635,7.047029022,0.02,0.02,0.18
344,C1=Cc2ccccc2C(P(c2ccccc2)C2c3ccccc3C=Cc3ccccc32)c2ccccc21,-0.060191247,1.861393135,-0.211240031,-0.053892711,-0.132566371,0.15734732,0.055844255,0.021428873,-0.336479549,0.822426264,0.831598597,0.005490108,0.987910834,0.228845555,286.903134,230.8677627,290.371645,339.4700943,1.799689388,-0.785886635,-0.682336859,1.468223493,-54.18679302,-13.48986415,56.98910459,1.948174489,-0.323586983,-0.426300868,-0.440864435,0.169098317,0.190815644,1.918517981,1.932033459,0.058781782,0.049528118,-26.05121854,-12.5613544,0.249659611,-0.015926923,-0.009172333,0.16548457,544.2609232,0.171564241,21.84000618,4.899981474,14.11001235,40.75009263,618.1731279,482.2524991,0.727695381,0.901477973,0.901429953,1.056955412,0.155525459,1.056955412,16.49935635,16.49932777,16.5918666,0.092538829,16.5918666,8.59739972,8.597254731,9.066838944,0.469584213,9.066838944,4.683384951,4.183767137,4.683539261,0.499772124,4.183767137,-13.28078467,-13.28079399,-13.25060608,0.030187911,-13.25060608,0.950123875,0.899214961,0.950139598,0.050924637,0.899214961,15.1030638,15.10085705,22.24795708,7.147100024,22.24795708,93.37571974,81.41635602,93.37941346,11.96305744,81.41635602,15.72825437,12.14818256,15.7293601,3.581177537,12.14818256,29.97695522,29.9766733,30.88974807,0.913074763,30.88974807,99.76102966,87.17867096,99.76491579,12.58624483,87.17867096,162.6219239,162.6196292,170.0519108,7.432281654,170.0519108,11.80100842,11.80094222,12.01535267,0.214410454,12.01535267,47.63579374,47.62780598,73.49820143,25.87039545,73.49820143,0,0,0,0,0,22.0026875,21.97445679,22.00269622,0.028239426,21.97445679,0,0,0,0,0,141.7913468,141.7883739,151.4169147,9.628540755,151.4169147,77.26098539,70.51593771,77.26306864,6.747130926,70.51593771,16.11473435,10.90041831,16.11634482,5.215926512,10.90041831,498.8617075,498.8611821,500.5626464,1.701464271,500.5626464,45.39921573,42.54250498,45.40009804,2.857593058,42.54250498,5.29708408,4.327723501,5.297383472,0.969659971,4.327723501,7.362398608,7.202318989,7.36244805,0.160129061,7.202318989,8.498120857,8.497715418,9.810834553,1.313119135,9.810834553,5.291249673,4.215687911,5.291581866,1.075893955,4.215687911,6.92886079,6.859590265,6.928882185,0.06929192,6.859590265,7.333682375,7.333527942,7.833698742,0.500170801,7.833698742,0.05,0,0.07
487,FC(F)(F)C(F)(F)C(F)(F)C(Cc1ccc(P(c2ccccc2)c2ccc(CC(C(F)(F)F)(C(F)(F)F)C(F)(F)C(F)(F)C(F)(F)F)cc2)cc1)(C(F)(F)F)C(F)(F)F,-0.03895868,1.870610461,-0.238641903,-0.046789867,-0.142715885,0.191852036,0.053083907,0.033306813,-0.393159841,0.803248742,0.760838843,0.029881145,1.141839391,0.43640344,298.3434583,285.5306855,288.4502238,321.0494545,1.790117387,-0.750138035,-0.711311731,1.461449629,-54.16651341,-2.202883554,49.56465169,1.901153506,-0.318631983,-0.486172905,-0.487504914,0.213315306,0.213969493,1.951856824,1.952353162,0.037291544,0.036628485,-12.10609239,-9.90320884,0.282445833,-0.006630335,0.042409898,0.338590649,756.2856912,0.066588794,18.95007989,5.09562568,10.35271168,38.64666493,779.3507319,623.358709,0.65705415,2.529684741,0.648609621,4.318829754,3.670220133,3.109418585,18.49147256,10.20549992,27.6225213,17.41702138,12.23630237,12.17233801,6.374107383,16.25883614,9.884728762,9.85392817,1.185506008,-3.941383129,6.099761587,10.04114472,-3.499160691,-13.35784402,-21.67954093,-5.391343324,16.2881976,-6.35476748,0.935786824,0.932689437,0.94240434,0.009714903,0.941066761,17.53946823,16.52158046,17.99013296,1.468552495,16.74474031,50.36020523,49.24223704,50.61550985,1.373272811,49.24223704,11.32860379,10.23626885,11.44951825,1.213249399,11.09600248,14.06637291,13.8864761,14.75666877,0.870192673,14.62593069,69.18206535,56.22335322,88.26380189,32.04044867,65.62346237,317.2958051,306.8524615,404.6080831,97.75562156,312.6324396,1.824066736,1.426613949,4.10099215,2.674378202,3.111566347,245.9435582,222.529425,329.991852,107.462427,231.1891634,0,0,0,0,0,14.06637291,13.8864761,14.75666877,0.870192673,14.62593069,0,0,0,0,0,315.5968527,293.7657248,404.6080831,110.8423583,312.6324396,50.36020523,49.24223704,50.61550985,1.373272811,49.24223704,0,0,0,0,0,749.7047649,711.2076738,758.1807756,46.97310171,753.4346287,5.960440734,0,41.91844903,41.91844903,0,5.07237115,4.342429492,5.965635375,1.623205883,4.518644141,11.05837401,9.562149203,13.28187514,3.719725937,9.563683861,10.90408306,8.609436884,12.95859165,4.349154769,11.74507778,4.23394644,3.91209886,4.275127618,0.363028758,4.042228374,6.048955586,6.026873463,7.361885113,1.335011651,6.045507012,6.966354791,6.922043068,7.294626314,0.372583246,7.076184711,0.08,0.06,0.34
566,CC(C)(C)c1cc(P(c2cc(C(C)(C)C)cc(C(C)(C)C)c2)c2cc(C(C)(C)C)cc(C(C)(C)C)c2)cc(C(C)(C)C)c1,-0.053857273,1.840155777,-0.219751256,-0.020620889,-0.120186073,0.199130367,0.036270507,0.051391527,-0.357549087,0.790197788,0.763400748,0.017670939,1.103405162,0.403030421,297.8547544,288.0579813,289.1830822,316.3231392,1.780269597,-0.728690185,-0.724891733,1.453581955,-54.1856336,-11.84381124,49.88577798,1.908350317,-0.303163369,-0.462984207,-0.463050929,0.230102058,0.230283471,1.95087965,1.950936519,0.036757359,0.036517904,-21.66717259,-9.823361345,0.259515332,0.01557648,0.02679704,0.313207374,717.2621941,0.068086476,21.62953086,5.888556919,13.71923115,43.28870055,889.3664211,698.1377292,0.640641676,1.877308482,1.820872747,1.9439706,0.123097853,1.820872747,6.51040671,6.409463554,6.704522516,0.295058962,6.704522516,2.878698899,2.643067608,3.131411981,0.488344373,2.945225653,2.427250883,2.095033908,2.643412054,0.548378147,2.523578544,-5.305949782,-5.468804197,-5.209743208,0.259060989,-5.468804197,0.951133441,0.950015833,0.951594505,0.001578672,0.950867602,15.1998442,15.12448238,15.38128038,0.256798003,15.24338184,48.8358556,48.77890128,48.96298049,0.184079219,48.77890128,11.13255041,11.1001861,11.17549123,0.075305135,11.11587467,13.33298056,13.28612683,13.40431405,0.118187226,13.3039072,149.7184407,145.7312975,157.5495128,11.81821528,147.3284857,197.7606875,194.2246597,200.3059558,6.081296145,199.7747474,1.32673439,1.231029778,1.479955086,0.248925308,1.333528434,42.28517425,31.80709261,48.37976958,16.57267697,43.29334713,0,0,0,0,0,13.33298056,13.28612683,13.40431405,0.118187226,13.3039072,0.065334292,0.007198953,0.266368837,0.259169884,0.030584477,196.3358277,192.251824,199.1085646,6.856740628,197.5706261,48.8358556,48.77890128,48.96298049,0.184079219,48.77890128,0,0,0,0,0,712.6758685,710.7821361,715.1584838,4.376347666,710.8077205,4.380897013,2.178917498,6.479056814,4.300139316,6.275934746,6.267818791,6.215962298,6.566180389,0.350218091,6.28902175,8.500568155,8.395565699,8.530132964,0.134567265,8.521729816,9.815352691,9.681035378,9.894432079,0.213396701,9.845479635,5.082862572,4.844803949,5.43748287,0.59267892,5.4078707,7.194026198,7.036323904,7.236699707,0.200375802,7.23456557,7.085405477,7.069362295,7.115645472,0.046283177,7.08196089,0.2,0.65,0.8
584,COc1c(C(C)(C)C)cc(P(c2cc(C(C)(C)C)c(OC)c(C(C)(C)C)c2)c2ccccc2C=O)cc1C(C)(C)C,-0.043965795,1.869831702,-0.226034704,-0.071515953,-0.148775328,0.154518751,0.071635083,0.022976577,-0.363905235,0.793846991,0.780666902,0.008203577,1.056575999,0.341269232,299.9802665,265.8138471,311.8832012,322.2437661,1.797702876,-0.802094247,-0.663535827,1.465629659,-54.17272031,-8.652063812,49.5455406,1.895900775,-0.312632253,-0.475898112,-0.478485427,0.212319056,0.220549907,1.950014161,1.951457888,0.044669823,0.041603012,-19.93981502,-11.28775121,0.265413791,-0.023574901,0.01318009,0.262729008,658.394388,0.083358086,21.36282352,5.539006567,11.90461284,42.51510582,787.1462634,611.8193499,0.673901949,4.160263089,1.346626919,5.536887629,4.19026071,1.461638004,23.10294936,9.098271458,26.99642989,17.89815844,16.23357874,13.05377905,5.883414887,17.92934264,12.04592775,13.19336254,4.96635435,-5.493989984,7.600651531,13.09464151,-5.493989984,-18.0201334,-20.06906765,-6.719445745,13.34962191,-7.699372556,0.941196112,0.919827465,0.945091528,0.025264062,0.93047124,16.74435903,16.12656114,19.72827135,3.601710211,18.2669297,54.88140975,50.10301657,60.64468958,10.54167301,50.10301657,10.92940123,10.44231207,11.06148763,0.619175555,10.82302136,17.44405447,15.19385692,22.3133299,7.119472983,15.44487403,81.70345579,76.04282348,100.7378677,24.69504418,99.65914508,227.5237769,222.065295,254.2082351,32.14294011,222.6553758,6.514338449,3.566534872,11.30518341,7.738648539,4.621852668,143.6057068,116.828412,159.3695349,42.54112288,118.8441468,0,0,0,0,0,17.28998223,15.05893522,20.68485635,5.625921136,15.44487403,0.001011165,0,0.046568693,0.046568693,0,224.7253555,219.2520976,245.4751352,26.22303761,219.8940827,54.71786416,50.10301657,59.27350858,9.17049201,50.10301657,0.16354559,0,1.628473547,1.628473547,0,650.6239931,641.4029348,656.0753444,14.67240957,654.2093694,7.496906558,1.11195407,13.55967458,12.44772051,2.761293074,5.267264188,5.149807795,5.442675766,0.292867971,5.367823192,8.468687402,8.314819879,8.592204926,0.277385047,8.32338401,9.836674549,9.219454341,10.05255614,0.833101799,9.352376078,4.866947721,3.942391682,4.98519208,1.042800398,3.942391682,7.311663745,7.032188199,7.405816817,0.373628618,7.131058678,7.089497734,7.029726499,7.588299013,0.558572513,7.576892486,0,0.01,0.06
608,Cc1cc(C)cc(P(c2cc(C)cc(C)c2)c2ccccc2C=O)c1,-0.043693116,1.865146827,-0.229987121,-0.070577868,-0.150282495,0.159409254,0.070843656,0.029647781,-0.377364003,0.790506835,0.776887082,0.008058165,1.124691294,0.437658366,300.2561812,264.1647005,311.3000689,325.3036828,1.800946787,-0.797868238,-0.670762319,1.468629601,-54.17185501,-7.63348078,49.24135598,1.893657724,-0.31184351,-0.479831168,-0.481473252,0.212162951,0.219868225,1.951250305,1.952161354,0.043809739,0.041355847,-16.55341261,-8.919931833,0.274665688,-0.019864807,0.013619753,0.334184458,398.4230697,0.140590833,19.72261058,4.895649025,10.93005793,36.42041337,459.3123759,406.7090817,0.707847592,4.85199282,3.397862439,4.918139696,1.520277257,4.918139696,16.44197483,11.48908726,16.66727653,5.178189267,16.66727653,9.840427764,7.004155725,9.969446825,2.9652911,9.969446825,2.988136882,1.90217185,3.037536301,1.13536445,3.037536301,-12.82856465,-13.00698313,-8.906327575,4.10065555,-13.00698313,0.931915663,0.931735421,0.935877998,0.004142577,0.931735421,18.09754981,17.52381252,18.12364852,0.599835994,18.12364852,56.01367005,55.79901332,60.73254557,4.933532255,55.79901332,11.13647497,11.13574686,11.15248133,0.016734474,11.13574686,17.74755163,17.55237191,22.03825697,4.485885063,17.55237191,65.20402127,65.17030937,65.9451219,0.774812526,65.17030937,124.3024239,124.0280827,130.3333632,6.305280497,124.0280827,6.61107666,6.416625055,10.88577564,4.469150589,6.416625055,54.87758273,53.89649903,54.92221121,1.025712176,54.92221121,0,0,0,0,0,17.55133345,17.4153584,20.54052151,3.125163108,17.4153584,0,0,0,0,0,124.2778608,124.0280827,129.7688223,5.740739612,124.0280827,55.81745187,55.66199981,59.23481011,3.5728103,55.66199981,0.196218176,0.13701351,1.497735465,1.360721955,0.13701351,397.9792001,394.3865864,398.1426243,3.756037962,398.1426243,0.400059602,0.35740915,1.337659704,0.980250554,0.35740915,4.861283578,4.833170326,4.86256242,0.029392094,4.86256242,7.195010306,7.193011383,7.238953353,0.04594197,7.193011383,8.248608912,8.244433562,8.340397119,0.095963557,8.244433562,4.63072242,4.516929663,4.635898734,0.11896907,4.635898734,7.016746023,7.011225804,7.016997132,0.005771327,7.016997132,6.969839442,6.967973618,7.010856507,0.042882889,6.967973618,0,0.01,0.12
720,N#Cc1ccccc1P(c1ccccc1)c1ccccc1,-0.044527564,1.92543007,-0.239092744,-0.063367322,-0.151230033,0.175725423,0.065085631,0.035172384,-0.403052357,0.820273571,0.791996099,0.016788838,1.183835103,0.472055892,295.7619158,277.1637213,286.0545834,324.0674434,1.810306645,-0.824225949,-0.650454907,1.474679878,-54.16637617,-5.77154179,50.00064275,1.892730541,-0.316666932,-0.48587919,-0.488178698,0.208302047,0.215103653,1.951043895,1.951875606,0.040174461,0.037667137,-15.55627274,-9.784730952,0.286533047,-0.013474209,0.028277471,0.363561533,327.4842031,0.178433311,19.60270205,4.33518826,10.83189641,34.58536996,366.4804024,325.4443595,0.760987969,5.05615374,2.950842557,5.118954043,2.168111486,2.950842557,15.68172981,15.65041399,16.86251906,1.212105065,16.86251906,9.302103324,9.236081928,11.70476726,2.46868533,11.70476726,2.959410473,0.426238199,3.029757546,2.603519347,0.426238199,-12.2615138,-12.26583947,-12.06580131,0.200038162,-12.13100546,0.932159584,0.906447039,0.932888222,0.026441184,0.908139296,18.04581102,17.94956365,21.41672974,3.467166087,21.225862,58.43476643,51.85699867,58.63027722,6.773278542,51.85699867,11.20365761,10.61488634,11.2120979,0.597211558,11.00710058,19.95137115,15.11541407,20.0897366,4.974322537,15.37689023,58.51520916,58.43502112,66.93057678,8.495555662,59.59036759,99.58741648,97.29274227,99.6189328,2.326190534,98.88047112,8.733074876,3.72342057,8.877638707,5.154218137,3.72342057,40.68361947,29.86566582,40.78696707,10.92130125,39.29010352,0,0,0,0,0,18.71542645,15.11541407,18.81687064,3.701456572,15.37689023,0,0,0,0,0,98.47532586,97.29274227,98.88047112,1.58772885,98.88047112,57.19882174,51.85699867,57.35741125,5.500412578,51.85699867,1.235944691,0,1.272865965,1.272865965,0,323.5621263,323.5112727,325.9560666,2.444793941,325.0702716,2.358617078,0,2.429075851,2.429075851,0,4.163356919,4.160706983,4.402766336,0.242059353,4.209750196,6.356720267,6.352995724,6.512296917,0.159301193,6.472724667,7.406824578,7.381264367,8.30936376,0.928099393,8.24928556,4.151112218,4.104649308,4.187111323,0.082462016,4.104649308,6.040559021,6.040003186,6.082769763,0.042766577,6.052538189,7.032454464,7.017276116,7.595910893,0.578634777,7.525008197,0,0,0
735,COC(=O)CCP(CCC(=O)OC)CCC(=O)OC,-0.054333081,1.815859167,-0.237363176,-0.001945345,-0.119654261,0.235417832,0.030423783,0.089733312,-0.416953832,0.728695215,0.691918202,0.076842589,1.316690923,0.764052647,310.2786607,287.5763746,304.0789284,339.1806307,1.700288446,-0.714103502,-0.673796206,1.387899682,-54.18840798,-0.445980891,53.66507112,1.953643883,-0.326616148,-0.457473731,-0.458632086,0.19052412,0.193199155,1.968578912,1.969397771,0.025863904,0.024584481,-11.21742839,-10.7714475,0.298136018,0.044368246,0.036777013,0.587995707,317.0938812,0.240842253,17.77691219,3.851862411,11.68505778,31.85723146,368.283967,337.1194098,0.737661944,2.326928091,0.275130891,5.534660685,5.259529794,1.600512466,10.39077644,4.3783282,19.41481197,15.03648377,14.01244137,6.987137509,1.982360383,14.25855962,12.27619924,11.06415118,0.117742844,-4.755623968,5.327525862,10.08314983,-3.009641143,-7.104880353,-14.99665161,-1.887266416,13.10938519,-8.054510038,0.944768808,0.90626401,0.958220707,0.051956698,0.9374894,16.15192835,13.94059044,21.37906434,7.438473897,17.25103559,76.35633702,46.32102534,134.4081612,88.08713591,46.32102534,15.3539998,9.624414631,32.26615859,22.64174396,9.790713471,22.84715815,13.46183881,38.17342808,24.71158927,13.46183881,47.96739081,22.29084075,73.27162823,50.98078748,38.21582262,101.8693872,84.8044699,166.4711891,81.66671918,124.7244172,7.164295642,1.734109917,23.14064048,21.40653056,3.671125337,50.71916757,12.81210526,120.1693495,107.3572443,85.40919938,1.44813225,0,12.00593953,12.00593953,0,18.62558865,13.46183881,22.00374212,8.541903313,13.46183881,3.470634474,0,21.51784074,21.51784074,0,89.47467619,59.95573758,145.5531457,85.59740815,124.7244172,65.1694832,46.32102534,84.54674865,38.22572331,46.32102534,11.18685382,0,51.46373852,51.46373852,0,272.1893632,211.2566644,316.7477404,105.491076,316.7477404,43.87620105,0,101.7617791,101.7617791,0,4.008951707,2.978567509,4.55907706,1.580509551,3.871831559,6.986816659,4.82592241,8.338460223,3.512537813,8.259369243,6.51863932,5.580495261,9.479392777,3.898897516,9.479392777,3.938737318,2.978567509,4.55907706,1.580509551,3.392629959,6.59075747,4.82592241,7.223131367,2.397208957,6.842060061,6.054969078,5.580495261,8.131420687,2.550925426,7.252063844,0,0.01,0.09
739,OCP(CO)CO,-0.03482848,1.880126705,-0.259117426,0.026527708,-0.116294859,0.285645134,0.023674837,0.125817498,-0.49018293,0.619285247,0.576647641,0.013341813,1.139880795,0.696799479,319.7601755,318.7589906,318.8504583,321.6710776,1.666663757,-0.680633746,-0.680180414,1.360814161,-54.17487548,0.35999018,53.8716351,1.929660519,-0.348239231,-0.488517566,-0.488534711,0.164748002,0.164775239,1.976285342,1.976294989,0.051215698,0.051196498,-4.972327167,-5.332317347,0.330182029,0.076952693,0.042637605,0.520595548,128.2290012,0.310318922,16.00976713,3.4797712,9.759544308,27.5696532,150.048077,151.3235945,0.902398288,1.491431948,0.600346416,4.427028068,3.826681652,2.795462758,3.281387244,3.276907828,11.19549876,7.918590932,5.261835237,1.343744323,1.339157174,8.192530183,6.853373009,3.367872709,1.334173657,-2.590386258,2.992643844,5.583030101,0.626156737,-2.67791798,-7.697343974,-2.47763236,5.219711613,-3.994029446,0.9563496,0.946264957,0.976492943,0.030227985,0.970708697,14.32923663,10.39598932,15.96687755,5.570888224,11.63761224,39.79190227,39.29254606,45.85873548,6.566189421,39.29254606,9.588838367,9.421509128,10.59396825,1.172459118,9.456023981,10.30882642,10.24254428,13.0779918,2.835447518,10.24254428,27.77491202,22.31612951,27.77846924,5.462339735,25.34537909,35.2258112,35.22313762,40.98881047,5.765672843,36.65185284,0.719943739,0.718536498,3.418016411,2.699479913,0.7865203,6.707163867,6.056912787,17.34339735,11.28648456,9.90683682,0,0,0,0,0,10.30882642,10.24254428,13.0779918,2.835447518,10.24254428,0,0,0,0,0,35.2258112,35.22313762,40.98881047,5.765672843,36.65185284,39.79190227,39.29254606,45.85873548,6.566189421,39.29254606,0,0,0,0,0,126.7365548,126.7340826,131.3413154,4.607232831,128.8455933,0,0,0,0,0,2.972044921,2.77811246,3.228532034,0.450419574,2.77811246,3.488570021,3.487716572,4.443373603,0.955657031,4.051681072,6.534445444,5.732987007,6.574036127,0.84104912,6.574036127,2.972044921,2.77811246,3.228532034,0.450419574,2.77811246,3.488570021,3.487716572,4.443373603,0.955657031,4.051681072,6.534445444,5.732987007,6.574036127,0.84104912,6.574036127,0,0.01,0.07
795,O=C(O)c1cccc(P(c2cccc(C(F)(F)F)c2)c2cccc(C(F)(F)F)c2)c1,-0.028159166,1.894808494,-0.253855117,-0.07323419,-0.163544654,0.180620927,0.074048585,0.01666415,-0.412615318,0.810393431,0.788946217,0.006578925,1.16835745,0.461800839,296.3589022,282.3259684,285.501272,321.2494986,1.804633383,-0.750160093,-0.723230556,1.473390407,-54.15242261,-4.263134472,50.00636334,1.901903891,-0.332939922,-0.500702443,-0.501271854,0.198179092,0.198745912,1.952289641,1.952589162,0.03719434,0.03673078,-15.66085805,-11.39772357,0.300295749,-0.027069075,0.021447214,0.35796402,425.5572571,0.118753902,19.0474912,5.318387234,10.26501197,36.79893621,454.2831877,406.3625666,0.703269079,4.067254913,2.827871161,7.038849797,4.210978636,2.837339156,16.31998295,9.267319884,41.35843441,32.09111452,35.38285629,11.7445665,7.002434675,27.19361069,20.19117601,21.59764511,-0.700051956,-8.636349886,9.570901131,18.20725102,5.818323831,-11.04451455,-32.34628026,-5.984368617,26.36191164,-27.41596894,0.935548165,0.93421835,0.940211627,0.005993277,0.937546234,17.58177869,16.89756225,17.77301738,0.875455121,17.2873942,50.53658264,50.18564304,50.85397611,0.668333074,50.18564304,11.37650091,11.21837332,11.45683959,0.238466261,11.21837332,14.00696332,13.82267591,14.27450672,0.451830811,14.1563195,72.26583001,58.78286455,89.68806313,30.90519858,61.26462002,130.3992249,129.3358459,133.3567712,4.020925341,132.2668414,1.609256954,1.370135097,2.258108149,0.887973052,2.258108149,48.70141731,31.8700836,72.12236016,40.25227656,64.55391788,0,0,0,0,0,14.00696332,13.82267591,14.27450672,0.451830811,14.1563195,0.023798747,0,0.167306399,0.167306399,0,130.2735958,129.3358459,133.3421944,4.006348555,132.239902,50.53658264,50.18564304,50.85397611,0.668333074,50.18564304,0,0,0,0,0,424.3560667,422.8940338,425.8317187,2.937684818,422.8940338,0.573282051,0,2.492253252,2.492253252,1.126337963,4.7010451,4.224209811,5.294180438,1.069970627,4.328133576,7.43951016,6.343063541,8.217713353,1.874649813,7.830135965,8.556848173,7.165655404,9.177650862,2.011995457,8.790445829,4.370441958,4.224209811,4.766237009,0.542027198,4.242399737,6.649797597,6.029441232,7.436299172,1.40685794,6.998676434,6.958483431,6.906727881,7.071873772,0.165145891,6.968622251,0.05,0.01,0.06
796,O=C(O)c1cccc(P(c2cccc(C(=O)O)c2)c2cccc(C(F)(F)F)c2)c1,-0.024164156,1.903452646,-0.257967491,-0.07869282,-0.168330155,0.179274672,0.079036305,0.006817088,-0.407674815,0.81269197,0.791912729,0.005116156,1.165080861,0.454828502,296.9749818,282.4022699,286.3781522,322.1445542,1.807271739,-0.755550488,-0.719900236,1.475451026,-54.14811702,-4.327582593,50.15561603,1.902096023,-0.33740069,-0.504692365,-0.505250398,0.193477793,0.194303274,1.951962382,1.952431622,0.037448969,0.036734245,-19.52660267,-15.19902008,0.304036443,-0.035576773,0.020779241,0.352388891,418.221256,0.12037881,19.38022104,5.297022852,10.29329019,36.51383043,450.9446921,401.9833881,0.707449371,4.396320132,2.674264674,8.988133921,6.313869247,7.799014652,28.69234591,12.99860394,54.40462424,41.4060203,38.32441061,18.6151103,6.660794529,34.41669189,27.75589736,24.71796592,1.850449154,-11.63005391,16.65470003,28.28475394,4.258683695,-20.46555946,-41.53014807,-7.662177372,33.8679707,-28.97664961,0.937474241,0.933857107,0.950695449,0.016838342,0.950695449,17.2978946,15.17807408,17.82461248,2.646538403,15.17807408,50.34501187,48.91800659,51.0547898,2.136783209,48.91800659,11.29543783,9.999894401,11.44742644,1.447532042,10.35759379,14.03422844,13.71285592,14.71274077,0.99988485,13.97224028,60.43514681,57.95784808,86.85340945,28.89556137,66.27044705,130.4972275,126.0453411,133.8561635,7.810822437,126.0453411,1.848002457,1.337712053,4.712846373,3.37513432,3.319701373,65.11970358,33.67671692,73.12861414,39.45189723,55.60880748,0,0,0,0,0,14.03422844,13.71285592,14.71274077,0.99988485,13.97224028,0.006611442,0,0.118577808,0.118577808,0,130.3397198,126.0453411,133.4769183,7.431577206,126.0453411,50.34501187,48.91800659,51.0547898,2.136783209,48.91800659,0,0,0,0,0,416.795099,411.9628526,418.3965036,6.433650988,415.8900153,0.390942138,0,2.440372184,2.440372184,0,4.349932124,4.125481963,5.312959569,1.187477606,4.354179954,7.978628777,6.316033956,8.214685963,1.898652007,7.309462451,8.757277449,7.198466877,9.509607387,2.311140511,9.509607387,4.284344292,3.911042546,4.733837016,0.82279447,3.991607992,6.954068894,6.028939983,7.391170252,1.362230268,6.086103627,6.989464378,6.925770849,7.430007096,0.504236247,7.430007096,0,0,0.02
797,O=C(O)c1ccc(P(c2ccc(C(F)(F)F)cc2)c2ccc(C(F)(F)F)cc2)cc1,-0.02419071,1.900146753,-0.256970104,-0.079570047,-0.168270075,0.177400057,0.079804986,0.011429943,-0.415939932,0.811220037,0.773250009,0.020230029,1.172429996,0.470329943,295.5594114,283.3665054,284.5725145,318.7393142,1.79175996,-0.74092892,-0.721996124,1.462925044,-54.1487759,-4.279997282,49.64000163,1.894060006,-0.335020104,-0.506110095,-0.506150103,0.196009906,0.196676562,1.95191,1.952303332,0.036100003,0.036033333,-15.53893947,-11.25894219,0.302590905,-0.032946854,0.037970028,0.361209959,425.4155304,0.118865894,18.79999929,5.240002041,10.03999934,36.39999918,454.5466277,406.3484479,0.703565001,3.25798188,3.257968856,4.57052256,1.312553704,3.313693177,16.68461415,16.68440683,27.58859827,10.90419144,27.58859827,8.081670944,8.081464866,18.70669106,10.62522619,16.76374748,5.456658885,-3.110917394,5.456749329,8.567666723,4.648780696,-13.53832983,-21.41252818,-13.5382142,7.874313984,-21.41252818,0.932343032,0.932343025,0.932849153,0.000506128,0.932849153,18.03929811,17.96785424,18.03929903,0.071444785,17.96785424,50.5673975,50.47117501,50.61446394,0.143288938,50.47117501,11.46520554,11.37944264,11.46520682,0.085764182,11.37944264,13.86555892,13.865558,13.91366962,0.048111614,13.90321057,77.11945115,75.85280078,77.29058397,1.437783192,77.29058397,130.2274173,130.2273905,131.4779163,1.250525766,131.4779163,1.39942382,1.399420428,1.601280026,0.201859598,1.601280026,53.10796528,53.10792957,55.59541013,2.487480559,54.11472273,0,0,0,0,0,13.86555892,13.865558,13.91366962,0.048111614,13.90321057,0,0,0,0,0,130.2274173,130.2273905,131.4779163,1.250525766,131.4779163,50.5673975,50.47117501,50.61446394,0.143288938,50.47117501,0,0,0,0,0,425.4155227,425.4155195,425.6124957,0.196976261,425.6124957,0,0,0,0,0,5.24911338,5.187304455,5.294370345,0.10706589,5.294370345,8.424719615,8.060173192,8.424726303,0.364553111,8.060173192,7.775675035,7.609512509,8.01428011,0.404767601,7.609512509,4.294038793,4.276442566,4.294039129,0.017596563,4.276442566,6.027939835,6.027939809,6.029321006,0.001381197,6.029321006,6.909131618,6.909131425,6.918909832,0.009778408,6.918909832,0.01,0.01,0.03
798,O=C(O)c1ccc(P(c2ccc(C(=O)O)cc2)c2ccc(C(F)(F)F)cc2)cc1,-0.026401146,1.900153963,-0.254050252,-0.079880147,-0.166965199,0.174170105,0.08002917,0.005779868,-0.411719836,0.811539958,0.778149863,0.013300121,1.168559681,0.466289595,294.7919453,282.7571711,283.6083413,318.0103235,1.787428614,-0.741450261,-0.717915838,1.459366098,-54.15123974,-4.479992932,49.54000177,1.89185008,-0.332150269,-0.503840234,-0.50392025,0.198499748,0.199489734,1.951870002,1.952239999,0.036250013,0.036050005,-17.59995321,-13.11996027,0.298991155,-0.036997139,0.033390094,0.357019723,418.0164526,0.12105495,19.09,5.040006479,10.07999764,36.47000648,451.3647764,403.0681574,0.705977001,1.297232906,1.297001853,5.21984264,3.922840787,1.297001853,25.99743567,25.07394523,25.99749006,0.923544835,25.99749006,17.49099099,13.06660932,17.4912516,4.424642273,17.4912516,1.669916194,1.669595414,7.115840216,5.446244802,1.669595414,-19.16090718,-20.18244954,-19.16084701,1.021602529,-19.16084701,0.931361941,0.931361918,0.931760196,0.000398278,0.931361918,18.17728341,18.12121521,18.17728671,0.056071498,18.17728671,50.60296072,50.60295899,50.63224432,0.02928533,50.60295899,11.47357332,11.4610232,11.47357406,0.012550856,11.47357406,13.88229525,13.88229248,13.92935819,0.047065709,13.88229248,77.29882531,75.63381611,77.29892338,1.665107277,77.29892338,130.330613,130.3305399,131.5714649,1.240924994,130.3305399,1.436031403,1.436027091,1.509240416,0.073213326,1.436027091,52.62114065,52.6209453,55.9376488,3.316703501,52.6209453,0,0,0,0,0,13.88229525,13.88229248,13.92935819,0.047065709,13.88229248,0,0,0,0,0,130.330613,130.3305399,131.5714649,1.240924994,130.3305399,50.60296072,50.60295899,50.63224432,0.02928533,50.60295899,0,0,0,0,0,418.0164209,417.7576642,418.0164361,0.258771924,418.0164361,0,0,0,0,0,5.19377025,5.104136188,5.193775529,0.089639342,5.193775529,8.422407957,8.422407293,8.433676538,0.011269245,8.422407293,7.794016714,7.794005114,7.99094298,0.196937865,7.794005114,4.299905184,4.287156312,4.299905935,0.012749623,4.299905935,6.034069471,6.029424157,6.034069745,0.004645587,6.034069745,6.910344813,6.910344291,6.919217932,0.008873642,6.910344291,0,0,0.02
799,O=Cc1ccccc1P(c1ccccc1)c1ccccc1,-0.041824045,1.90212457,-0.23473181,-0.074461733,-0.154596771,0.160270077,0.074580458,0.027823938,-0.397856581,0.802071342,0.786732186,0.00785465,1.163370317,0.47563034,298.07565,262.0857489,307.5942537,324.5468688,1.803779122,-0.790618043,-0.680764201,1.471382244,-54.16777746,-6.521392269,49.62939012,1.89185396,-0.315619803,-0.484119798,-0.486144789,0.208613048,0.215841425,1.951278639,1.952142063,0.044880701,0.041728162,-15.07252142,-8.551129153,0.282026712,-0.022783478,0.015339156,0.361298976,327.5495539,0.174387533,19.64497459,4.281493916,11.05062991,35.16239335,366.8798062,323.6454551,0.765775189,4.280181435,3.476031646,4.499022357,1.022990711,4.499022357,13.48633633,9.579671288,14.5494942,4.969822915,14.5494942,8.124312983,6.218838993,8.642867725,2.424028732,8.642867725,2.365104946,0.999057372,2.736860451,1.73780308,2.736860451,-10.48941793,-11.37972818,-7.217896364,4.161831812,-11.37972818,0.932392065,0.931433674,0.935913756,0.004480081,0.931433674,18.02806124,17.52040382,18.16621488,0.645811057,18.16621488,57.11520903,56.10232567,60.83713604,4.734810371,56.10232567,11.15637371,11.13993047,11.16084857,0.020918093,11.16084857,18.72337824,17.82326122,22.03093564,4.207674425,17.82326122,60.10690831,59.57259514,60.25231603,0.679720888,60.25231603,103.5848618,98.05541343,105.0896431,7.034229678,105.0896431,7.567004526,6.662412649,10.89100517,4.228592518,6.662412649,36.82878869,36.3786619,38.48281829,2.104156386,36.3786619,0,0,0,0,0,18.23435732,17.60675895,20.54052151,2.933762556,17.60675895,0,0,0,0,0,103.1566194,97.4903603,104.6986323,7.208271969,104.6986323,56.62595905,55.88268569,59.35718095,3.474495262,55.88268569,0.489249973,0.219639977,1.479955086,1.260315109,0.219639977,325.636262,323.2467408,326.2865452,3.039804368,326.2865452,0.575117699,0.391010832,1.251634215,0.860623383,0.391010832,4.211583527,4.174859504,4.221577584,0.04671808,4.221577584,6.344609419,6.340859814,6.358387663,0.017527849,6.340859814,7.270340387,7.249399205,7.347290562,0.097891357,7.249399205,4.211583527,4.174859504,4.221577584,0.04671808,4.221577584,6.041512595,6.039198301,6.050016669,0.010818367,6.039198301,6.954142981,6.941776461,6.999584823,0.057808363,6.941776461,0,0,0.05
838,OCCCP(CCCO)CCCO,-0.012623404,1.822517819,-0.246169559,0.019787786,-0.113190887,0.265957345,0.024093597,0.110342173,-0.420308202,0.691398138,0.511583127,0.294144317,1.104886969,0.552819727,332.0521614,310.2344587,331.411771,354.5103465,1.558853484,-0.671147205,-0.600993808,1.272140259,-54.171712,-3.29973862,51.68064464,1.903427897,-0.340232906,-0.476900897,-0.479144303,0.179641547,0.18625289,1.969638937,1.970009977,0.038922461,0.036925114,-11.12269771,-7.822959091,0.303762952,0.065368975,0.179815011,0.413488832,234.0115272,0.382245062,17.48222372,3.629647887,10.37979556,30.54104274,285.8010468,255.1875605,0.822302046,4.173248895,1.014510579,5.41565064,4.401140062,4.000544928,12.14374991,3.919135279,23.16035908,19.24122381,11.14466493,8.723365023,3.199886688,13.20593951,10.00605282,8.846710958,-0.339369219,-5.120597713,5.609099485,10.7296972,-2.578482283,-8.383995804,-18.44439049,-1.618768681,16.82562181,-6.268228676,0.934115579,0.92078819,0.963273877,0.042485687,0.9255096,17.76980788,13.09496689,19.53154744,6.436580549,18.8834875,89.44539982,45.71649245,96.43136324,50.71487079,45.71649245,12.45908713,9.556430828,19.4151281,9.858697273,9.753060903,28.66119385,12.89391258,32.68661226,19.79269968,12.93261105,28.69221736,22.03007546,52.0760551,30.04597964,24.48408804,73.00749322,63.55821737,99.19099564,35.63277827,87.70974801,14.71316296,1.325161197,19.3481902,18.02302901,3.143989391,44.13154435,10.6705846,73.41231488,62.74173028,63.22565997,0.079479395,0,2.21104244,2.21104244,0,22.09269574,12.89391258,22.4032777,9.509365119,12.93261105,0.057428856,0,2.769753754,2.769753754,0,66.22665123,60.69905582,99.19099564,38.49193982,87.70974801,73.79856202,45.71649245,78.41983918,32.70334674,45.71649245,15.6468378,0,21.13041173,21.13041173,0,211.8784868,205.91035,237.1578729,31.24752298,235.5401793,20.10244242,0,27.37001496,27.37001496,0,3.352833035,2.951563643,4.55818944,1.606625797,3.419914104,5.384864643,5.325483994,7.090491663,1.765007669,6.186554309,5.719223785,5.621304017,8.492533895,2.871229879,8.068646044,3.352763676,2.951563643,4.554834678,1.603271035,3.419914104,5.383902876,5.325483994,6.818568324,1.49308433,6.186554309,5.718523759,5.621304017,7.66756999,2.046265973,7.650386242,0.03,0,0.03